,country,year,status,life_expectancy,alcohol,hepatitis_b,measles,bmi,polio,total_expenditure,diphtheria,hiv_aids,gdp,population,_thinness_1_19_years
0,Afghanistan,2015,Developing,65.0,0.01,65.0,1154.0,19.1,6.0,8.16,65.0,0.1,578.466352941708,33736494.0,17.2
1,Afghanistan,2014,Developing,59.9,0.01,62.0,492.0,18.6,58.0,8.18,62.0,0.1,613.856505217398,327582.0,17.5
2,Afghanistan,2013,Developing,59.9,0.01,64.0,430.0,18.1,62.0,8.13,64.0,0.1,637.165463951798,31731688.0,17.7
3,Afghanistan,2012,Developing,59.5,0.01,67.0,2787.0,17.6,67.0,8.52,67.0,0.1,641.871437960934,3696958.0,17.9
4,Afghanistan,2011,Developing,59.2,0.01,68.0,3013.0,17.2,68.0,7.87,68.0,0.1,591.162798293135,2978599.0,18.2
5,Afghanistan,2010,Developing,58.8,0.01,66.0,1989.0,16.7,66.0,9.2,66.0,0.1,543.302967401909,2883167.0,18.4
6,Afghanistan,2009,Developing,58.6,0.01,63.0,2861.0,16.2,63.0,9.42,63.0,0.1,438.076142403179,284331.0,18.6
7,Afghanistan,2008,Developing,58.1,0.03,64.0,1599.0,15.7,64.0,8.33,64.0,0.1,364.660679028164,2729431.0,18.8
8,Afghanistan,2007,Developing,57.5,0.02,63.0,1141.0,15.2,63.0,6.73,63.0,0.1,359.693157866109,26616792.0,19.0
9,Afghanistan,2006,Developing,57.3,0.03,64.0,1990.0,14.7,58.0,7.43,58.0,0.1,263.733601866274,2589345.0,19.2
10,Afghanistan,2005,Developing,57.3,0.02,66.0,1296.0,14.2,58.0,8.7,58.0,0.1,242.031313175022,257798.0,19.3
11,Afghanistan,2004,Developing,57.0,0.02,67.0,466.0,13.8,5.0,8.79,5.0,0.1,211.382074198939,24118979.0,19.5
12,Afghanistan,2003,Developing,56.7,0.01,65.0,798.0,13.4,41.0,8.82,41.0,0.1,190.683814295088,2364851.0,19.7
13,Afghanistan,2002,Developing,56.2,0.01,64.0,2486.0,13.0,36.0,7.76,36.0,0.1,179.426579211394,21979923.0,19.9
14,Afghanistan,2001,Developing,55.3,0.01,63.0,8762.0,12.6,35.0,7.8,33.0,0.1,117.49698,2966463.0,2.1
15,Afghanistan,2000,Developing,54.8,0.01,62.0,6532.0,12.2,24.0,8.2,24.0,0.1,114.56,293756.0,2.3
19,Albania,2012,Developing,76.9,5.14,99.0,9.0,55.8,99.0,5.59,99.0,0.1,4247.62998374252,2941.0,1.3
20,Albania,2011,Developing,76.6,5.37,99.0,28.0,55.1,99.0,5.71,99.0,0.1,4437.14288515077,295195.0,1.4
21,Albania,2010,Developing,76.2,5.28,99.0,10.0,54.3,99.0,5.34,99.0,0.1,4094.3503344202,291321.0,1.4
24,Albania,2007,Developing,75.9,5.58,98.0,22.0,51.7,99.0,6.1,98.0,0.1,3595.03716321514,29717.0,1.6
25,Albania,2006,Developing,74.2,5.31,98.0,68.0,5.8,97.0,5.86,97.0,0.1,2972.74326462176,2992547.0,1.7
26,Albania,2005,Developing,73.5,5.16,98.0,6.0,49.9,97.0,6.12,98.0,0.1,2673.78728253113,311487.0,1.8
27,Albania,2004,Developing,73.0,4.54,99.0,7.0,48.9,98.0,6.38,97.0,0.1,2373.57984371994,326939.0,1.8
28,Albania,2003,Developing,72.8,4.29,97.0,8.0,47.9,97.0,6.27,97.0,0.1,1846.11881331912,339616.0,1.9
29,Albania,2002,Developing,73.3,3.73,96.0,16.0,46.9,98.0,6.3,98.0,0.1,1425.12484888368,3511.0,2.0
30,Albania,2001,Developing,73.6,4.25,96.0,18.0,46.0,97.0,6.0,97.0,0.1,1281.65939343074,36173.0,2.1
31,Albania,2000,Developing,72.6,3.66,96.0,662.0,45.0,97.0,6.26,97.0,0.1,1126.68331762741,38927.0,2.1
97,Armenia,2014,Developing,74.6,3.91,93.0,13.0,54.1,95.0,4.48,93.0,0.1,3986.23162376713,29622.0,2.1
98,Armenia,2013,Developing,74.4,3.79,95.0,10.0,53.3,96.0,4.55,95.0,0.1,3838.17387997786,289359.0,2.1
101,Armenia,2010,Developing,73.5,4.23,94.0,2.0,51.2,96.0,4.56,94.0,0.1,3218.37829927419,2877311.0,2.0
104,Armenia,2007,Developing,73.5,3.99,85.0,1.0,49.7,9.0,4.31,88.0,0.1,3139.28071035448,293356.0,2.0
105,Armenia,2006,Developing,72.9,4.01,78.0,137.0,49.2,87.0,4.58,87.0,0.1,2158.1480742298,29585.0,2.0
106,Armenia,2005,Developing,73.0,4.25,91.0,2281.0,48.8,92.0,5.25,9.0,0.1,1643.75688889146,2981259.0,2.0
107,Armenia,2004,Developing,73.0,3.81,91.0,1783.0,48.4,93.0,5.5,91.0,0.1,1191.92100563238,3612.0,2.0
108,Armenia,2003,Developing,72.7,3.03,93.0,4.0,48.1,96.0,5.56,94.0,0.1,930.125472654125,31786.0,2.0
109,Armenia,2002,Developing,72.6,2.86,91.0,40.0,47.8,96.0,5.4,94.0,0.1,783.241214960091,333897.0,2.1
110,Armenia,2001,Developing,72.6,2.86,69.0,69.0,47.4,97.0,5.94,94.0,0.1,694.423455373229,35655.0,2.1
111,Armenia,2000,Developing,72.0,2.9,55.0,15.0,47.1,96.0,6.25,93.0,0.1,622.740922945281,369588.0,2.1
113,Australia,2014,Developed,82.7,9.71,91.0,340.0,66.1,92.0,9.42,92.0,0.1,62510.7911705641,2346694.0,0.6
114,Australia,2013,Developed,82.5,9.87,91.0,158.0,65.5,91.0,9.36,91.0,0.1,68150.1070413215,23117353.0,0.6
115,Australia,2012,Developed,82.3,10.03,91.0,199.0,65.0,92.0,9.36,92.0,0.1,68012.1479005934,22728254.0,0.6
116,Australia,2011,Developed,82.0,10.3,92.0,190.0,64.4,92.0,9.2,92.0,0.1,62517.8337471503,223424.0,0.6
117,Australia,2010,Developed,81.9,10.52,92.0,70.0,63.9,92.0,9.2,92.0,0.1,52022.1255961876,223175.0,0.7
118,Australia,2009,Developed,81.7,10.62,94.0,104.0,63.4,92.0,9.5,92.0,0.1,42772.3591664498,216917.0,0.7
119,Australia,2008,Developed,81.3,10.76,94.0,65.0,62.9,92.0,8.78,92.0,0.1,49601.6567082178,212492.0,0.7
120,Australia,2007,Developed,81.3,10.56,94.0,11.0,62.5,92.0,8.53,92.0,0.1,40960.0544948199,28276.0,0.7
122,Australia,2005,Developed,81.0,10.3,95.0,10.0,61.5,92.0,8.45,92.0,0.1,33999.2428575835,23948.0,0.7
123,Australia,2004,Developed,86.0,9.84,95.0,70.0,6.9,92.0,8.57,92.0,0.1,30430.6764374443,21274.0,0.7
124,Australia,2003,Developed,83.0,9.97,95.0,91.0,6.3,92.0,8.32,93.0,0.1,23447.0310006717,198954.0,0.7
125,Australia,2002,Developed,79.9,9.84,95.0,32.0,59.6,92.0,8.39,92.0,0.1,20082.4832672749,196514.0,0.7
126,Australia,2001,Developed,79.9,9.53,94.0,141.0,59.0,91.0,8.18,92.0,0.1,19490.8611097303,19413.0,0.7
129,Austria,2014,Developed,81.4,12.32,98.0,117.0,57.1,98.0,11.21,98.0,0.1,51717.4959405515,8541575.0,1.8
131,Austria,2012,Developed,88.0,12.26,92.0,36.0,56.1,92.0,11.17,92.0,0.1,48567.69528642,8429991.0,1.8
132,Austria,2011,Developed,88.0,12.04,89.0,68.0,55.7,89.0,1.94,89.0,0.1,51374.9584066934,8391643.0,1.7
133,Austria,2010,Developed,84.0,12.1,86.0,52.0,55.2,86.0,11.17,86.0,0.1,46858.0432733717,836344.0,1.7
134,Austria,2009,Developed,82.0,11.3,83.0,49.0,54.7,83.0,11.19,83.0,0.1,47963.1794023217,8343323.0,1.7
135,Austria,2008,Developed,84.0,12.0,83.0,448.0,54.2,83.0,1.6,83.0,0.1,51708.7657541758,8321496.0,1.7
136,Austria,2007,Developed,81.0,12.5,85.0,20.0,53.7,85.0,1.4,85.0,0.1,46855.7717452095,8295487.0,1.7
137,Austria,2006,Developed,79.8,12.4,83.0,23.0,53.2,83.0,1.35,83.0,0.1,40635.2818159724,8268641.0,1.7
138,Austria,2005,Developed,79.4,12.4,86.0,9.0,52.7,86.0,1.53,86.0,0.1,38403.1338770715,8227829.0,1.7
139,Austria,2004,Developed,79.3,12.1,83.0,15.0,52.2,83.0,1.56,83.0,0.1,36821.5214680093,8171966.0,1.7
140,Austria,2003,Developed,78.8,12.2,83.0,90.0,51.7,84.0,1.48,84.0,0.1,32222.8972411655,8121423.0,1.7
193,Bangladesh,2014,Developing,71.4,0.01,97.0,289.0,17.7,97.0,2.82,97.0,0.1,1118.87380783368,15945279.0,18.1
194,Bangladesh,2013,Developing,71.0,0.01,96.0,237.0,17.0,96.0,2.88,96.0,0.1,981.860851354457,157571292.0,18.3
195,Bangladesh,2012,Developing,77.0,0.01,94.0,1986.0,16.4,94.0,3.8,94.0,0.1,883.117129615718,15572753.0,18.5
196,Bangladesh,2011,Developing,73.0,0.01,96.0,5625.0,15.8,96.0,3.16,96.0,0.1,861.762162181077,153911916.0,18.7
197,Bangladesh,2010,Developing,69.9,0.01,94.0,788.0,15.2,94.0,3.6,94.0,0.1,781.153577677298,15214912.0,18.9
198,Bangladesh,2009,Developing,69.5,0.01,97.0,718.0,14.6,97.0,2.91,97.0,0.1,702.264419644314,1545478.0,19.1
199,Bangladesh,2008,Developing,69.1,0.01,96.0,2660.0,14.0,96.0,2.85,96.0,0.1,634.987069668507,14885814.0,19.3
200,Bangladesh,2007,Developing,68.6,0.01,95.0,2924.0,13.5,96.0,2.8,94.0,0.1,558.051840707954,147139191.0,19.5
201,Bangladesh,2006,Developing,68.2,0.01,86.0,6192.0,13.0,95.0,2.8,94.0,0.1,509.640189887604,1453684.0,19.7
202,Bangladesh,2005,Developing,67.8,0.01,45.0,25934.0,12.5,94.0,2.68,93.0,0.1,499.461940239156,14343111.0,19.9
203,Bangladesh,2004,Developing,67.3,0.01,11.0,9743.0,12.0,88.0,2.62,99.0,0.1,475.291930195819,14137489.0,2.1
204,Bangladesh,2003,Developing,66.8,0.01,5.0,4067.0,11.6,9.0,2.51,87.0,0.1,446.310675745944,139191.0,2.3
225,Belarus,2014,Developing,72.0,13.94,97.0,64.0,61.7,97.0,5.69,97.0,0.1,8318.51268992675,9474511.0,1.9
226,Belarus,2013,Developing,71.7,14.66,98.0,16.0,61.1,98.0,6.7,98.0,0.1,7978.87261471076,9465997.0,2.0
227,Belarus,2012,Developing,71.9,16.35,97.0,10.0,6.5,98.0,5.1,98.0,0.1,6940.15925359735,9464495.0,2.0
228,Belarus,2011,Developing,72.0,17.31,98.0,50.0,59.9,98.0,4.92,98.0,0.1,6519.23019498892,9473172.0,2.0
229,Belarus,2010,Developing,73.0,14.44,96.0,1.0,59.3,99.0,5.55,98.0,0.1,6029.3967998293,949583.0,2.0
232,Belarus,2007,Developing,69.8,14.22,91.0,1.0,57.7,9.0,6.44,95.0,0.1,4735.65760793999,956953.0,2.2
233,Belarus,2006,Developing,68.9,12.6,98.0,149.0,57.2,97.0,6.34,99.0,0.1,3847.43412382153,964924.0,2.2
234,Belarus,2005,Developing,68.1,11.01,99.0,1.0,56.7,98.0,6.89,99.0,0.1,3125.81053502853,9663915.0,2.3
235,Belarus,2004,Developing,68.2,12.05,99.0,2.0,56.2,99.0,6.59,99.0,0.1,2378.62328600741,973146.0,2.4
236,Belarus,2003,Developing,67.7,11.17,56.0,21.0,55.8,53.0,6.59,5.0,0.1,1819.76605926177,9796749.0,2.5
237,Belarus,2002,Developing,67.2,12.23,99.0,14.0,55.3,99.0,6.47,99.0,0.1,1479.31458271677,9865548.0,2.5
238,Belarus,2001,Developing,67.7,10.74,93.0,45.0,54.9,99.0,6.62,99.0,0.1,1244.37318523431,9928549.0,2.6
239,Belarus,2000,Developing,68.0,12.98,7.0,21.0,54.4,99.0,6.13,99.0,0.1,1276.49398462377,997961.0,2.7
241,Belgium,2014,Developed,89.0,12.6,98.0,70.0,63.4,99.0,1.59,99.0,0.1,47700.5403601178,112957.0,1.0
242,Belgium,2013,Developed,87.0,11.77,98.0,39.0,63.0,99.0,1.57,99.0,0.1,46744.6625441516,11182817.0,1.0
243,Belgium,2012,Developed,83.0,10.08,98.0,109.0,62.6,99.0,1.54,99.0,0.1,44673.1158755901,11128246.0,0.9
244,Belgium,2011,Developed,83.0,10.11,97.0,576.0,62.3,98.0,1.42,98.0,0.1,47348.5250202016,1147744.0,0.9
245,Belgium,2010,Developed,80.0,10.22,97.0,40.0,61.9,98.0,1.17,98.0,0.1,44141.8781415734,1895586.0,0.9
246,Belgium,2009,Developed,79.8,10.05,97.0,33.0,61.6,98.0,1.39,98.0,0.1,44583.5448070814,1796493.0,0.9
247,Belgium,2008,Developed,79.5,10.47,98.0,98.0,61.3,99.0,9.6,99.0,0.1,48106.892915788,179973.0,0.8
248,Belgium,2007,Developed,79.5,10.25,94.0,64.0,6.9,99.0,9.25,98.0,0.1,44262.8960009954,16257.0,0.8
249,Belgium,2006,Developed,79.4,10.98,94.0,15.0,6.6,99.0,9.17,98.0,0.1,38672.7059429767,1547958.0,0.8
250,Belgium,2005,Developed,78.9,12.27,77.0,26.0,6.2,97.0,9.24,97.0,0.1,36795.9768819639,1478617.0,0.8
251,Belgium,2004,Developed,78.8,12.05,64.0,61.0,59.8,96.0,9.32,95.0,0.1,35364.3753314368,1421137.0,0.8
252,Belgium,2003,Developed,78.3,11.28,64.0,44.0,59.4,96.0,9.3,95.0,0.1,30587.6684093796,1376133.0,0.8
254,Belgium,2001,Developed,78.0,11.01,6.0,83.0,58.5,96.0,8.29,95.0,0.1,22995.1575247288,128657.0,0.8
273,Benin,2014,Developing,59.7,0.01,78.0,786.0,25.2,74.0,4.59,78.0,1.1,1291.41010666767,1286712.0,7.1
274,Benin,2013,Developing,59.5,0.01,77.0,637.0,24.6,73.0,4.59,77.0,1.2,1251.20970702834,14451.0,7.2
275,Benin,2012,Developing,59.3,0.01,8.0,288.0,24.1,8.0,4.86,8.0,1.3,1145.14001854462,972916.0,7.4
276,Benin,2011,Developing,59.1,1.4,75.0,426.0,23.5,77.0,5.37,75.0,1.4,1130.27318959427,94682.0,7.6
277,Benin,2010,Developing,58.7,1.33,76.0,392.0,23.0,77.0,4.95,76.0,1.4,1036.53459416252,9199259.0,7.8
278,Benin,2009,Developing,58.4,1.16,79.0,1461.0,22.5,8.0,4.46,79.0,1.6,1088.75785169783,894476.0,7.9
279,Benin,2008,Developing,57.6,1.28,75.0,928.0,22.0,77.0,4.2,75.0,1.8,1125.42602943016,8696916.0,8.1
280,Benin,2007,Developing,57.1,1.12,82.0,341.0,21.5,82.0,4.55,82.0,2.0,966.2035810124,8454791.0,8.3
281,Benin,2006,Developing,56.8,1.19,74.0,176.0,21.0,76.0,4.75,74.0,2.0,856.054875766203,8216896.0,8.5
282,Benin,2005,Developing,56.5,1.13,7.0,210.0,2.5,73.0,4.73,7.0,2.1,822.785201409895,7982225.0,8.7
283,Benin,2004,Developing,56.1,1.15,75.0,262.0,2.1,74.0,4.56,72.0,2.1,798.744255592617,7754.0,8.9
284,Benin,2003,Developing,55.8,1.35,73.0,217.0,19.7,75.0,4.63,73.0,2.1,711.284922669436,752555.0,9.1
285,Benin,2002,Developing,55.6,1.23,15.0,1588.0,19.2,76.0,4.27,75.0,2.1,574.929776196326,7295394.0,9.3
337,Botswana,2014,Developing,65.1,0.01,95.0,1.0,37.3,96.0,5.41,95.0,2.3,7780.63475753974,2168573.0,6.7
338,Botswana,2013,Developing,64.2,0.01,95.0,1.0,36.8,96.0,5.84,95.0,2.8,7224.91273728564,212857.0,7.0
339,Botswana,2012,Developing,63.4,0.01,95.0,7.0,36.2,96.0,6.27,95.0,4.4,7050.57347186681,289315.0,7.3
340,Botswana,2011,Developing,62.2,5.76,95.0,8.0,35.7,96.0,5.25,95.0,5.5,7617.31004132551,251339.0,7.7
341,Botswana,2010,Developing,61.1,5.99,95.0,853.0,35.2,96.0,5.64,95.0,6.2,6434.81248526822,214866.0,8.0
342,Botswana,2009,Developing,59.2,5.01,94.0,184.0,34.7,96.0,6.39,96.0,9.0,5255.77653269313,1979882.0,8.4
344,Botswana,2007,Developing,56.9,6.21,93.0,1.0,33.7,96.0,4.71,96.0,13.4,5832.73705168476,1914414.0,9.2
345,Botswana,2006,Developing,54.8,6.45,93.0,6.0,33.2,96.0,4.93,96.0,14.4,5521.99060810445,1884238.0,9.6
346,Botswana,2005,Developing,51.7,6.37,92.0,5.0,32.7,96.0,5.62,96.0,20.6,5513.33106259322,1855852.0,1.0
347,Botswana,2004,Developing,48.1,4.9,91.0,1.0,32.2,96.0,5.56,96.0,28.4,5073.52040802149,182933.0,1.5
348,Botswana,2003,Developing,46.4,5.51,9.0,59.0,31.6,96.0,4.65,96.0,31.9,4330.97236855283,184339.0,1.9
349,Botswana,2002,Developing,46.0,6.41,88.0,7.0,31.1,97.0,6.47,97.0,34.6,3190.62481146154,1779953.0,11.4
350,Botswana,2001,Developing,46.7,5.48,87.0,1.0,3.5,97.0,5.73,97.0,37.2,3278.01607934706,1754935.0,11.8
351,Botswana,2000,Developing,47.8,5.37,86.0,2672.0,29.9,97.0,4.64,97.0,38.8,3522.3108214571,172834.0,12.3
353,Brazil,2014,Developing,74.8,7.32,96.0,876.0,55.3,96.0,8.32,93.0,0.1,12112.5876683327,24213133.0,2.7
354,Brazil,2013,Developing,74.7,7.24,96.0,220.0,54.5,96.0,8.48,97.0,0.1,12300.324821091,2248632.0,2.8
355,Brazil,2012,Developing,74.5,7.55,96.0,2.0,53.6,96.0,8.26,95.0,0.1,12370.0244490002,256983.0,2.8
356,Brazil,2011,Developing,74.1,7.58,98.0,43.0,52.8,98.0,8.9,99.0,0.1,13245.6120301146,198686688.0,2.9
357,Brazil,2010,Developing,73.8,7.52,96.0,68.0,52.0,99.0,8.27,99.0,0.1,11286.2429009115,196796269.0,2.9
361,Brazil,2006,Developing,73.0,7.1,99.0,57.0,48.6,99.0,8.36,99.0,0.1,5886.46368222667,18912412.0,3.1
362,Brazil,2005,Developing,72.7,6.97,98.0,6.0,47.8,99.0,8.27,99.0,0.1,4790.43695908641,186917361.0,3.2
364,Brazil,2003,Developing,71.8,6.95,97.0,2.0,46.1,99.0,6.94,99.0,0.1,3070.91052439544,182482149.0,3.3
365,Brazil,2002,Developing,71.4,7.0,92.0,1.0,45.3,99.0,7.13,99.0,0.1,2829.28314489459,1815121.0,3.3
366,Brazil,2001,Developing,71.0,7.13,91.0,1.0,44.5,99.0,7.19,98.0,0.1,3156.7987713336,1777567.0,3.4
367,Brazil,2000,Developing,75.0,7.26,94.0,36.0,43.7,99.0,7.3,98.0,0.1,3749.75327141454,175287587.0,3.4
386,Bulgaria,2013,Developed,74.1,12.06,95.0,14.0,64.5,95.0,7.93,95.0,0.1,7655.12970759319,7265115.0,1.9
387,Bulgaria,2012,Developed,73.9,10.99,95.0,1.0,63.9,95.0,7.11,95.0,0.1,7395.84980340721,735888.0,1.9
388,Bulgaria,2011,Developed,73.7,10.67,96.0,157.0,63.3,95.0,6.88,95.0,0.1,7809.42506245471,7348328.0,2.0
389,Bulgaria,2010,Developed,73.4,10.8,95.0,22004.0,62.7,94.0,7.24,94.0,0.1,6812.40633845402,7395599.0,2.0
390,Bulgaria,2009,Developed,73.2,10.93,96.0,2249.0,62.1,94.0,6.78,94.0,0.1,6988.23332468094,7444443.0,2.0
391,Bulgaria,2008,Developed,72.9,10.98,96.0,1.0,61.5,96.0,6.61,95.0,0.1,7265.73549682997,7492561.0,2.1
392,Bulgaria,2007,Developed,72.6,10.89,95.0,1.0,6.9,95.0,6.41,95.0,0.1,5885.10434781837,7545338.0,2.1
393,Bulgaria,2006,Developed,72.2,10.39,96.0,1.0,6.3,96.0,6.67,95.0,0.1,4523.0508329806,76122.0,2.2
394,Bulgaria,2005,Developed,72.1,10.48,96.0,3.0,59.7,97.0,7.8,96.0,0.1,3899.90763774017,7658972.0,2.2
398,Bulgaria,2001,Developed,71.6,10.72,93.0,8.0,57.5,94.0,7.23,94.0,0.1,1770.91353394746,89142.0,2.4
399,Bulgaria,2000,Developed,71.1,9.69,94.0,46.0,57.0,94.0,6.7,93.0,0.1,1621.24296080247,817172.0,2.5
481,Cameroon,2014,Developing,56.7,0.01,87.0,831.0,28.4,86.0,4.1,87.0,3.7,1542.62060627136,2223994.0,5.7
482,Cameroon,2013,Developing,56.4,0.01,89.0,760.0,27.8,88.0,4.29,89.0,4.0,1465.63871039432,21655715.0,5.8
483,Cameroon,2012,Developing,55.9,0.01,85.0,609.0,27.2,85.0,4.34,85.0,4.6,1354.54554970174,2182383.0,5.9
484,Cameroon,2011,Developing,55.6,6.19,82.0,504.0,26.6,8.0,3.96,82.0,4.9,1405.0941234837,252447.0,6.0
485,Cameroon,2010,Developing,55.3,6.15,84.0,240.0,26.0,83.0,5.28,84.0,5.5,1286.51588785105,1997495.0,6.1
486,Cameroon,2009,Developing,54.8,5.89,8.0,251.0,25.4,79.0,5.7,8.0,6.3,1319.99742044357,19432541.0,6.3
487,Cameroon,2008,Developing,54.2,5.9,84.0,495.0,24.9,82.0,5.18,84.0,6.7,1377.29863469094,18978.0,6.4
488,Cameroon,2007,Developing,53.6,5.44,82.0,100.0,24.4,81.0,4.76,82.0,7.0,1195.64921070811,18395389.0,6.6
489,Cameroon,2006,Developing,53.3,5.22,81.0,196.0,23.8,78.0,4.69,81.0,7.2,1063.08162787499,17899562.0,6.7
490,Cameroon,2005,Developing,52.8,5.03,79.0,605.0,23.3,79.0,4.75,8.0,7.4,1012.28262956845,1742795.0,6.9
497,Canada,2014,Developing,82.0,8.1,55.0,418.0,66.4,91.0,1.45,91.0,0.1,50955.9983232404,35544564.0,0.5
498,Canada,2013,Developing,81.8,8.2,55.0,83.0,65.8,91.0,1.67,91.0,0.1,52635.1749580433,35155451.0,0.5
499,Canada,2012,Developing,81.6,8.3,7.0,10.0,65.3,99.0,1.78,95.0,0.1,52669.0899632316,3475545.0,0.5
500,Canada,2011,Developing,81.5,8.2,7.0,803.0,64.7,87.0,1.82,87.0,0.1,52223.696112356,3434278.0,0.5
501,Canada,2010,Developing,81.2,8.4,56.0,99.0,64.1,88.0,11.2,89.0,0.1,47562.0834253057,345274.0,0.5
502,Canada,2009,Developing,81.0,8.4,42.0,14.0,63.6,89.0,11.17,91.0,0.1,40876.3101540295,33628571.0,0.5
503,Canada,2008,Developing,87.0,8.3,28.0,62.0,63.0,89.0,1.3,92.0,0.1,46710.5055759013,33245773.0,0.5
504,Canada,2007,Developing,85.0,8.3,14.0,101.0,62.5,9.0,9.83,94.0,0.1,44659.8951408034,32887928.0,0.5
505,Canada,2006,Developing,85.0,8.2,14.0,13.0,61.9,95.0,9.75,95.0,0.1,40504.0607253203,325755.0,0.5
506,Canada,2005,Developing,81.0,8.0,14.0,6.0,61.3,93.0,9.57,93.0,0.1,36382.5079164537,32312.0,0.5
507,Canada,2004,Developing,80.0,7.8,14.0,7.0,6.6,91.0,9.56,91.0,0.1,32143.6814078562,31995.0,0.5
508,Canada,2003,Developing,79.7,7.7,14.0,15.0,6.0,88.0,9.54,91.0,0.1,28300.4630963791,31676.0,0.5
561,China,2014,Developing,75.8,5.78,99.0,52628.0,31.9,99.0,5.55,99.0,0.1,7678.59948587722,136427.0,3.7
562,China,2013,Developing,75.6,5.79,99.0,26883.0,3.9,99.0,5.39,99.0,0.1,7050.64627124287,135738.0,3.8
563,China,2012,Developing,75.4,5.74,99.0,6183.0,3.0,99.0,5.26,99.0,0.1,6316.91831760216,135695.0,3.9
564,China,2011,Developing,75.2,5.63,99.0,9943.0,29.0,99.0,5.3,99.0,0.1,5618.13226711491,134413.0,4.1
565,China,2010,Developing,75.0,5.75,99.0,38159.0,28.1,99.0,4.89,99.0,0.1,4550.45310775599,133775.0,4.2
566,China,2009,Developing,74.9,4.88,99.0,52461.0,27.3,99.0,5.8,99.0,0.1,3832.23643246922,133126.0,4.4
567,China,2008,Developing,74.5,4.27,95.0,131441.0,26.5,99.0,4.59,97.0,0.1,3468.30460207977,1324655.0,4.5
568,China,2007,Developing,74.4,3.88,92.0,109023.0,25.7,94.0,4.32,93.0,0.1,2693.97006340427,1317885.0,4.7
569,China,2006,Developing,74.2,3.28,91.0,99602.0,24.9,94.0,4.52,93.0,0.1,2099.22943460734,13112.0,4.8
570,China,2005,Developing,73.9,2.92,84.0,124219.0,24.1,87.0,4.66,87.0,0.1,1753.41782926104,13372.0,5.0
571,China,2004,Developing,73.5,3.04,79.0,70549.0,23.4,87.0,4.72,87.0,0.1,1508.66809788453,129675.0,5.1
572,China,2003,Developing,73.1,2.96,75.0,71879.0,22.6,87.0,4.82,86.0,0.1,1288.64325183475,12884.0,5.3
573,China,2002,Developing,72.7,2.91,7.0,58341.0,21.9,86.0,4.79,86.0,0.1,1148.50829043887,1284.0,5.5
574,China,2001,Developing,72.2,2.84,65.0,88962.0,21.2,86.0,4.56,86.0,0.1,1053.10824300262,127185.0,5.7
575,China,2000,Developing,71.7,3.06,6.0,71093.0,2.5,86.0,4.6,85.0,0.1,959.372483635864,1262645.0,5.9
931,France,2014,Developing,82.2,11.5,83.0,267.0,62.0,98.0,11.54,98.0,0.1,43011.2631028417,66331957.0,0.6
932,France,2013,Developing,82.0,11.1,74.0,272.0,61.6,99.0,11.56,99.0,0.1,42592.9353850549,6599857.0,0.6
934,France,2011,Developing,81.7,11.8,74.0,14949.0,6.6,99.0,11.33,99.0,0.1,43790.7260166781,65342776.0,0.6
935,France,2010,Developing,81.3,11.7,65.0,5048.0,6.1,99.0,11.2,99.0,0.1,40638.3352541414,6527512.0,0.6
936,France,2009,Developing,81.1,11.8,51.0,1541.0,59.6,98.0,11.28,98.0,0.1,41575.4219609625,647744.0,0.6
937,France,2008,Developing,89.0,11.9,47.0,604.0,59.1,98.0,1.57,98.0,0.1,45334.117956922,6437499.0,0.6
938,France,2007,Developing,89.0,12.2,42.0,39.0,58.6,99.0,1.45,98.0,0.1,41508.4326882318,6416229.0,0.6
939,France,2006,Developing,86.0,12.4,39.0,40.0,58.0,99.0,1.53,99.0,0.1,36443.6263055433,63621376.0,0.6
940,France,2005,Developing,81.0,12.2,35.0,36.0,57.5,98.0,1.6,98.0,0.1,34760.1850154731,63179356.0,0.6
941,France,2004,Developing,82.0,13.18,35.0,4448.0,57.0,99.0,1.53,98.0,0.1,33741.2619183406,6274897.0,0.6
943,France,2002,Developing,79.2,13.78,29.0,5185.0,55.8,97.0,1.22,97.0,0.1,24177.3355586498,6185267.0,0.7
945,France,2000,Developing,78.8,13.63,26.0,10000.0,54.6,98.0,9.77,97.0,0.1,22364.0293943406,6912498.0,0.7
979,Georgia,2014,Developing,74.5,6.13,91.0,3188.0,55.3,91.0,7.42,91.0,0.1,4739.18833846421,3727.0,2.7
980,Georgia,2013,Developing,74.5,5.91,96.0,7872.0,54.4,94.0,7.25,93.0,0.1,4623.74572473419,3776.0,2.7
981,Georgia,2012,Developing,74.2,7.71,92.0,31.0,53.6,93.0,8.57,92.0,0.1,4421.81824228013,3825.0,2.6
982,Georgia,2011,Developing,73.9,8.14,89.0,64.0,52.8,88.0,9.38,94.0,0.1,4021.74330617286,3875.0,2.6
983,Georgia,2010,Developing,73.8,7.24,95.0,22.0,52.0,88.0,1.5,92.0,0.1,3233.29594347421,3926.0,2.6
984,Georgia,2009,Developing,73.2,6.66,54.0,23.0,51.3,93.0,1.19,88.0,0.1,2822.66743023352,3978.0,2.6
985,Georgia,2008,Developing,73.9,7.17,89.0,56.0,5.5,9.0,8.99,92.0,0.1,3324.73587905411,43.0,2.6
986,Georgia,2007,Developing,74.4,8.65,94.0,44.0,49.9,88.0,8.17,98.0,0.1,2635.35388202963,482.0,2.7
987,Georgia,2006,Developing,73.9,6.18,84.0,334.0,49.2,89.0,8.39,88.0,0.1,1996.05712927664,4136.0,2.7
988,Georgia,2005,Developing,73.9,4.7,79.0,1356.0,48.6,82.0,8.6,82.0,0.1,1642.76093756395,419.0,2.8
989,Georgia,2004,Developing,72.3,3.74,64.0,6847.0,48.1,66.0,8.53,78.0,0.1,1305.04748557208,4245.0,2.8
990,Georgia,2003,Developing,72.7,3.36,48.0,216.0,47.5,74.0,8.49,75.0,0.1,1010.0079801313,431.0,2.9
991,Georgia,2002,Developing,71.7,2.72,51.0,199.0,47.0,89.0,8.72,84.0,0.1,853.516453713318,4357.0,2.9
992,Georgia,2001,Developing,73.0,2.76,61.0,35.0,46.5,83.0,7.82,87.0,0.1,801.990413888373,43864.0,3.0
995,Germany,2014,Developed,89.0,11.03,88.0,443.0,61.9,94.0,11.3,95.0,0.1,47959.9932737599,89825.0,1.1
996,Germany,2013,Developed,86.0,10.94,88.0,1771.0,61.4,94.0,11.16,95.0,0.1,46285.7640688407,864565.0,1.1
997,Germany,2012,Developed,86.0,11.18,88.0,166.0,6.9,94.0,1.99,95.0,0.1,43858.3630551076,8425823.0,1.1
998,Germany,2011,Developed,85.0,11.2,88.0,1607.0,6.4,94.0,1.93,95.0,0.1,46644.776027968,8274983.0,1.1
999,Germany,2010,Developed,81.0,11.2,88.0,780.0,59.9,94.0,11.25,95.0,0.1,41531.9341978689,8177693.0,1.1
1000,Germany,2009,Developed,80.0,11.22,88.0,574.0,59.5,95.0,11.4,96.0,0.1,41485.9016495139,819237.0,1.1
1001,Germany,2008,Developed,79.9,11.36,87.0,917.0,59.0,95.0,1.39,96.0,0.1,45427.151677489,821197.0,1.1
1002,Germany,2007,Developed,79.8,11.5,86.0,567.0,58.5,95.0,1.18,96.0,0.1,41587.2128984264,82266372.0,1.1
1003,Germany,2006,Developed,79.6,11.76,87.0,2307.0,58.0,94.0,1.34,96.0,0.1,36323.4477421822,82376451.0,1.1
1004,Germany,2005,Developed,79.2,11.67,9.0,778.0,57.6,95.0,1.52,96.0,0.1,34507.3688142332,82469422.0,1.1
1005,Germany,2004,Developed,79.1,11.83,88.0,121.0,57.1,96.0,1.37,96.0,0.1,34044.0536341248,8251626.0,1.1
1006,Germany,2003,Developed,78.5,11.92,9.0,779.0,56.6,96.0,1.62,97.0,0.1,30243.5765296979,82534176.0,1.1
1007,Germany,2002,Developed,78.4,12.25,87.0,4657.0,56.1,97.0,1.4,93.0,0.1,25077.7290759602,82488495.0,1.2
1008,Germany,2001,Developed,78.3,12.46,86.0,6024.0,55.6,96.0,1.15,93.0,0.1,23607.8828553922,82349925.0,1.2
1011,Ghana,2014,Developing,62.1,0.01,98.0,124.0,28.0,93.0,3.56,98.0,0.8,1899.66833614134,26962563.0,6.4
1012,Ghana,2013,Developing,61.9,0.01,9.0,319.0,27.3,91.0,4.63,9.0,0.9,2361.09032361113,26346251.0,6.6
1013,Ghana,2012,Developing,61.6,0.01,92.0,1613.0,26.7,91.0,4.79,92.0,0.9,1587.56093185809,2573349.0,6.7
1014,Ghana,2011,Developing,61.2,1.64,91.0,120.0,26.1,91.0,4.81,91.0,1.3,1549.46271883345,25121796.0,6.9
1015,Ghana,2010,Developing,69.0,1.69,94.0,641.0,25.5,94.0,5.33,94.0,1.9,1299.34521164062,2451214.0,7.1
1016,Ghana,2009,Developing,66.0,1.76,94.0,101.0,24.9,94.0,5.17,94.0,2.1,1077.66205832571,2393831.0,7.3
1017,Ghana,2008,Developing,63.0,1.78,93.0,82.0,24.2,92.0,4.85,93.0,2.2,1217.06443549146,2329864.0,7.5
1018,Ghana,2007,Developing,59.9,1.25,94.0,6.0,23.6,94.0,5.3,94.0,2.6,1081.16631826269,227212.0,7.7
1019,Ghana,2006,Developing,59.4,1.7,84.0,420.0,23.0,84.0,4.64,84.0,2.9,913.393849309942,22113425.0,7.9
1020,Ghana,2005,Developing,58.9,1.5,84.0,435.0,22.4,85.0,4.51,84.0,3.1,492.54405617264,215429.0,8.1
1021,Ghana,2004,Developing,58.3,1.46,8.0,60.0,21.8,81.0,3.96,8.0,3.2,417.508066727662,2986536.0,8.4
1022,Ghana,2003,Developing,57.9,1.53,8.0,1939.0,21.2,8.0,3.12,8.0,3.4,367.821362113662,2446782.0,8.6
1023,Ghana,2002,Developing,57.6,1.6,8.0,12289.0,2.7,8.0,3.7,78.0,3.5,304.564635977066,19924522.0,8.8
1027,Greece,2014,Developing,88.0,7.53,96.0,1.0,66.0,99.0,8.8,99.0,0.1,21601.7763985974,1892413.0,0.8
1028,Greece,2013,Developing,86.0,7.46,98.0,3.0,65.4,99.0,9.26,99.0,0.1,21749.1524824445,1965211.0,0.8
1029,Greece,2012,Developing,84.0,8.2,98.0,3.0,64.9,99.0,9.24,99.0,0.1,21915.1913231364,114511.0,0.8
1030,Greece,2011,Developing,85.0,8.02,95.0,40.0,64.3,99.0,9.77,99.0,0.1,25450.5341194438,1114899.0,0.8
1031,Greece,2010,Developing,83.0,9.0,95.0,149.0,63.7,99.0,9.18,99.0,0.1,26690.6074159782,11121341.0,0.8
1032,Greece,2009,Developing,80.0,9.08,95.0,2.0,63.1,99.0,9.76,99.0,0.1,29710.970232488,111717.0,0.8
1033,Greece,2008,Developing,79.9,9.51,95.0,1.0,62.4,99.0,9.76,99.0,0.1,31997.2820241039,1177841.0,0.8
1034,Greece,2007,Developing,79.4,9.67,95.0,2.0,61.8,99.0,9.41,99.0,0.1,28827.3263926878,1148473.0,0.8
1036,Greece,2005,Developing,79.3,9.95,93.0,122.0,6.5,96.0,9.36,96.0,0.1,22551.7357667365,1987314.0,0.8
1037,Greece,2004,Developing,79.2,9.56,92.0,1.0,59.9,95.0,8.3,95.0,0.1,21955.1041364941,1955141.0,0.8
1039,Greece,2002,Developing,79.0,8.09,91.0,5.0,58.6,92.0,8.72,92.0,0.1,14110.3133652111,19222.0,0.8
1040,Greece,2001,Developing,78.7,8.62,9.0,12.0,58.0,9.0,8.47,91.0,0.1,12538.1788690276,1862132.0,0.9
1041,Greece,2000,Developing,78.2,8.48,89.0,56.0,57.4,89.0,7.6,89.0,0.1,12042.9537140472,18588.0,0.9
1187,India,2014,Developing,68.0,3.07,79.0,79563.0,18.1,84.0,4.69,85.0,0.2,1573.88564183014,1293859294.0,26.8
1188,India,2013,Developing,67.6,3.11,7.0,13822.0,17.5,82.0,4.53,83.0,0.2,1449.61045069632,127856227.0,26.8
1189,India,2012,Developing,67.3,3.1,73.0,18668.0,17.0,79.0,4.39,82.0,0.2,1443.88243476181,126365852.0,26.9
1190,India,2011,Developing,66.8,3.0,44.0,33634.0,16.4,79.0,4.33,82.0,0.2,1458.10406619626,124723629.0,26.9
1191,India,2010,Developing,66.4,2.77,38.0,31458.0,15.9,76.0,4.28,79.0,0.2,1357.5637268318,12398691.0,27.0
1192,India,2009,Developing,66.0,2.5,37.0,56188.0,15.4,73.0,4.38,74.0,0.2,1101.96083821252,121427132.0,27.0
1193,India,2008,Developing,65.5,1.93,29.0,44258.0,14.9,69.0,4.34,7.0,0.3,998.522341514181,119714696.0,27.0
1194,India,2007,Developing,65.2,1.59,6.0,41144.0,14.4,67.0,4.23,64.0,0.3,1028.33477194577,1179681239.0,27.1
1195,India,2006,Developing,64.8,1.37,6.0,64185.0,13.9,66.0,4.25,65.0,0.3,806.753280628799,1161977719.0,27.1
1196,India,2005,Developing,64.4,1.27,8.0,36711.0,13.5,65.0,4.28,65.0,0.3,714.8610153644,1144118674.0,27.2
1197,India,2004,Developing,64.0,1.2,6.0,55443.0,13.0,58.0,4.22,63.0,0.3,627.774241726543,1126135777.0,27.2
1203,Indonesia,2014,Developing,68.9,0.09,78.0,12943.0,26.5,8.0,2.85,78.0,0.3,3491.63749125449,255131116.0,1.4
1204,Indonesia,2013,Developing,68.7,0.09,85.0,8419.0,25.6,86.0,2.93,85.0,0.3,3623.92724054274,25232263.0,1.5
1205,Indonesia,2012,Developing,68.5,0.08,83.0,15489.0,24.7,84.0,2.9,83.0,0.3,3694.35933980214,248883232.0,1.5
1206,Indonesia,2011,Developing,68.3,0.08,81.0,21893.0,23.8,81.0,2.71,81.0,0.3,3643.04717619274,24577511.0,1.6
1207,Indonesia,2010,Developing,68.1,0.08,83.0,18869.0,22.9,82.0,2.74,81.0,0.3,3122.36267319362,242524123.0,1.6
1208,Indonesia,2009,Developing,67.9,0.08,82.0,20818.0,22.1,85.0,2.83,78.0,0.3,2261.24730903274,23934478.0,1.7
1209,Indonesia,2008,Developing,67.7,0.07,82.0,15369.0,21.3,83.0,2.81,77.0,0.2,2166.85423141608,236159276.0,1.7
1210,Indonesia,2007,Developing,67.5,0.06,76.0,19456.0,2.5,77.0,3.1,73.0,0.2,1860.00281113287,232989141.0,1.8
1211,Indonesia,2006,Developing,67.3,0.06,66.0,20422.0,19.7,78.0,2.91,72.0,0.1,1589.80148866142,22983822.0,1.8
1212,Indonesia,2005,Developing,67.2,0.06,65.0,15853.0,19.0,79.0,2.79,72.0,0.1,1263.28733171098,22671273.0,1.9
1213,Indonesia,2004,Developing,65.3,0.06,64.0,29171.0,18.2,79.0,2.37,71.0,0.1,1150.26136651088,223614649.0,1.9
1214,Indonesia,2003,Developing,66.9,0.05,64.0,24457.0,17.5,8.0,2.53,71.0,0.1,1065.6485199064,22545214.0,1.9
1215,Indonesia,2002,Developing,66.7,0.05,63.0,14492.0,16.7,8.0,2.27,7.0,0.1,900.177588137897,2175859.0,11.0
1216,Indonesia,2001,Developing,66.5,0.06,62.0,3825.0,16.0,77.0,2.23,76.0,0.1,748.257608719846,2145652.0,11.0
1217,Indonesia,2000,Developing,66.3,0.06,65.0,3344.0,15.4,72.0,1.98,75.0,0.1,780.19020467518,21154429.0,11.0
1235,Iraq,2014,Developing,67.9,0.01,62.0,1317.0,58.5,67.0,5.54,64.0,0.1,6637.68437454551,3568.0,5.3
1236,Iraq,2013,Developing,69.5,0.01,66.0,669.0,57.8,7.0,5.92,68.0,0.1,7076.55226525188,33883145.0,5.3
1237,Iraq,2012,Developing,76.0,0.01,61.0,15.0,57.2,7.0,5.26,69.0,0.1,6836.07399513338,32776571.0,5.3
1238,Iraq,2011,Developing,77.0,0.17,77.0,15.0,56.5,8.0,3.32,79.0,0.1,6045.4945669195,3172753.0,5.3
1239,Iraq,2010,Developing,76.0,0.19,72.0,492.0,55.8,74.0,3.82,74.0,0.1,4657.28026921588,376271.0,5.3
1240,Iraq,2009,Developing,74.0,0.2,75.0,30328.0,55.2,78.0,4.65,78.0,0.1,3853.82862013793,29894652.0,5.4
1241,Iraq,2008,Developing,69.3,0.17,66.0,5494.0,54.5,71.0,3.93,69.0,0.1,4636.63932484705,29111417.0,5.4
1242,Iraq,2007,Developing,65.9,0.14,56.0,230.0,53.8,74.0,3.69,57.0,0.1,3182.8413509962,2839433.0,5.4
1243,Iraq,2006,Developing,64.7,0.03,59.0,474.0,53.2,63.0,3.0,59.0,0.1,2373.20944765192,27697912.0,5.4
1244,Iraq,2005,Developing,66.8,0.18,65.0,908.0,52.5,69.0,4.13,65.0,0.1,1855.52234835917,278426.0,5.4
1245,Iraq,2004,Developing,67.2,0.32,62.0,9081.0,51.9,69.0,5.61,74.0,0.1,1391.96348940291,2631669.0,5.4
1267,Israel,2014,Developing,82.2,2.62,97.0,6.0,64.6,95.0,7.81,95.0,0.1,37738.4160702766,82157.0,1.2
1268,Israel,2013,Developing,82.1,2.69,97.0,50.0,64.2,96.0,7.89,96.0,0.1,36316.4783735865,8595.0,1.2
1269,Israel,2012,Developing,81.8,2.78,97.0,211.0,63.8,94.0,7.73,94.0,0.1,32510.3452959596,7915.0,1.2
1270,Israel,2011,Developing,81.8,2.67,98.0,70.0,63.4,94.0,7.39,94.0,0.1,33610.6940289761,77658.0,1.2
1271,Israel,2010,Developing,81.7,2.63,97.0,23.0,63.0,95.0,7.36,95.0,0.1,30694.1676766923,76236.0,1.2
1272,Israel,2009,Developing,81.5,2.55,98.0,5.0,62.6,96.0,7.46,96.0,0.1,27719.7949874132,74856.0,1.2
1273,Israel,2008,Developing,81.0,2.47,99.0,931.0,62.1,94.0,7.33,94.0,0.1,29599.7830138211,7388.0,1.1
1274,Israel,2007,Developing,84.0,2.33,99.0,539.0,61.6,95.0,7.37,95.0,0.1,24939.4617976924,7181.0,1.1
1275,Israel,2006,Developing,84.0,2.23,96.0,9.0,61.1,94.0,7.38,95.0,0.1,21854.8778858293,7537.0,1.1
1276,Israel,2005,Developing,80.0,2.41,96.0,2.0,6.6,95.0,7.44,93.0,0.1,20585.6374839494,6931.0,1.1
1277,Israel,2004,Developing,81.0,2.23,99.0,116.0,6.1,95.0,7.35,95.0,0.1,19933.6424695535,689.0,1.1
1278,Israel,2003,Developing,79.7,2.32,98.0,124.0,59.6,93.0,7.44,93.0,0.1,19033.7561586426,66897.0,1.1
1279,Israel,2002,Developing,79.3,2.47,98.0,2.0,59.2,91.0,7.49,9.0,0.1,18479.7013853992,657.0,1.1
1280,Israel,2001,Developing,79.3,2.53,96.0,19.0,58.7,93.0,7.61,92.0,0.1,20353.6219858078,6439.0,1.1
1281,Israel,2000,Developing,78.9,2.53,98.0,36.0,58.3,93.0,7.13,93.0,0.1,21101.1801015966,6289.0,1.1
1285,Italy,2012,Developed,82.0,7.49,96.0,376.0,62.1,96.0,9.28,97.0,0.1,35053.5262442572,59539717.0,0.5
1286,Italy,2011,Developed,82.0,6.98,96.0,5189.0,61.5,96.0,9.27,96.0,0.1,38599.0622070322,59379449.0,0.5
1287,Italy,2010,Developed,81.8,6.95,96.0,372.0,61.0,96.0,9.42,96.0,0.1,36000.5201179254,59277417.0,0.5
1288,Italy,2009,Developed,81.6,7.25,96.0,351.0,6.5,96.0,9.41,96.0,0.1,37079.7586704546,5995365.0,0.5
1289,Italy,2008,Developed,81.5,7.96,96.0,1617.0,59.9,96.0,8.89,96.0,0.1,40778.3427367209,58826731.0,0.5
1290,Italy,2007,Developed,81.3,8.37,97.0,321.0,59.4,97.0,8.48,97.0,0.1,37822.6652377427,5843831.0,0.5
1291,Italy,2006,Developed,81.2,8.44,96.0,439.0,58.8,97.0,8.82,96.0,0.1,33501.6581673044,58143979.0,0.5
1292,Italy,2005,Developed,88.0,8.65,96.0,135.0,58.2,97.0,8.71,95.0,0.1,32043.1403684119,57969484.0,0.5
1293,Italy,2004,Developed,89.0,8.98,96.0,599.0,57.6,97.0,8.49,94.0,0.1,31259.7164954309,57685327.0,0.5
1294,Italy,2003,Developed,79.9,9.3,95.0,10982.0,57.0,97.0,8.17,96.0,0.1,27465.6752987224,5731323.0,0.5
1295,Italy,2002,Developed,80.0,9.25,95.0,9385.0,56.4,96.0,8.23,93.0,0.1,22270.1441234282,57597.0,0.5
1297,Italy,2000,Developed,79.4,9.78,94.0,1457.0,55.0,97.0,7.91,87.0,0.1,20087.5919858794,5694218.0,0.5
1331,Jordan,2014,Developing,74.0,0.41,98.0,20.0,64.8,98.0,7.45,98.0,0.1,4131.44735046027,88936.0,3.9
1332,Jordan,2013,Developing,73.9,0.4,98.0,120.0,64.0,98.0,7.23,98.0,0.1,4044.42686891185,8413464.0,3.9
1333,Jordan,2012,Developing,73.7,0.41,98.0,3.0,63.2,98.0,8.0,98.0,0.1,3910.34689406377,7992573.0,3.9
1337,Jordan,2008,Developing,73.1,0.61,97.0,2.0,6.1,98.0,8.78,97.0,0.1,3455.76995322946,6489822.0,3.8
1338,Jordan,2007,Developing,73.0,0.6,98.0,41.0,59.3,98.0,8.35,98.0,0.1,2735.37876694903,6193191.0,3.8
1339,Jordan,2006,Developing,72.8,0.59,98.0,1.0,58.6,98.0,8.8,98.0,0.1,2513.02873201623,5934232.0,3.9
1340,Jordan,2005,Developing,72.4,0.55,95.0,28.0,57.8,95.0,8.88,95.0,0.1,2183.39464250953,5714111.0,3.9
1341,Jordan,2004,Developing,72.5,0.54,95.0,21.0,57.0,95.0,9.5,95.0,0.1,2044.96372271857,5535595.0,3.9
1342,Jordan,2003,Developing,72.3,0.54,97.0,76.0,56.3,97.0,9.15,97.0,0.1,1876.25933833432,5396774.0,3.9
1343,Jordan,2002,Developing,72.1,0.54,95.0,19.0,55.5,95.0,9.68,95.0,0.1,1802.05506415969,5287488.0,3.9
1344,Jordan,2001,Developing,71.9,0.55,97.0,61.0,54.8,97.0,9.9,99.0,0.1,1720.36142731527,5193482.0,4.0
1345,Jordan,2000,Developing,71.7,0.49,93.0,32.0,54.0,94.0,9.65,91.0,0.1,1651.6217976912,51313.0,4.0
1347,Kazakhstan,2014,Developing,69.9,6.29,95.0,321.0,52.3,95.0,4.36,95.0,0.1,12807.2606866152,17289224.0,2.4
1348,Kazakhstan,2013,Developing,69.5,6.48,99.0,73.0,51.4,98.0,4.3,98.0,0.1,13890.6309562926,1735275.0,2.4
1349,Kazakhstan,2012,Developing,69.1,6.82,95.0,55.0,5.6,98.0,4.32,99.0,0.1,12386.6992652963,16791425.0,2.4
1350,Kazakhstan,2011,Developing,68.5,6.63,99.0,127.0,49.9,99.0,4.6,99.0,0.1,11634.0012021103,165566.0,2.3
1351,Kazakhstan,2010,Developing,67.8,6.83,99.0,4.0,49.2,98.0,4.42,99.0,0.1,9070.48825285747,16321581.0,2.3
1353,Kazakhstan,2008,Developing,66.6,7.6,99.0,20.0,47.9,99.0,3.65,99.0,0.1,8458.01715432982,15674.0,2.4
1354,Kazakhstan,2007,Developing,65.3,7.44,94.0,13.0,47.3,94.0,3.19,93.0,0.1,6771.41479681885,15484192.0,2.4
1355,Kazakhstan,2006,Developing,65.0,7.08,99.0,109.0,46.8,99.0,3.73,99.0,0.1,5291.57530451457,153884.0,2.4
1356,Kazakhstan,2005,Developing,64.6,6.94,94.0,16118.0,46.3,99.0,4.7,98.0,0.1,3771.27895733845,1514729.0,2.4
1357,Kazakhstan,2004,Developing,64.7,6.55,99.0,2204.0,45.8,99.0,3.95,82.0,0.1,2874.28848272999,1512985.0,2.5
1358,Kazakhstan,2003,Developing,64.4,6.58,99.0,24.0,45.3,99.0,3.7,99.0,0.1,2068.12397936842,149918.0,2.5
1359,Kazakhstan,2002,Developing,64.7,5.99,95.0,18.0,44.8,95.0,3.61,95.0,0.1,1658.03078544636,14858948.0,2.6
1360,Kazakhstan,2001,Developing,64.4,5.75,95.0,94.0,44.4,95.0,3.47,95.0,0.1,1490.92708987166,14858335.0,2.6
1361,Kazakhstan,2000,Developing,63.9,6.0,99.0,245.0,43.9,96.0,4.16,97.0,0.1,1229.00124667231,14883626.0,2.7
1363,Kenya,2014,Developing,62.9,0.01,92.0,354.0,21.3,93.0,5.72,92.0,2.9,1315.80222496925,462425.0,7.8
1364,Kenya,2013,Developing,62.6,1.84,93.0,190.0,2.7,94.0,5.57,87.0,3.0,1210.38543482726,44826849.0,7.9
1366,Kenya,2011,Developing,61.2,1.8,96.0,2395.0,19.5,97.0,5.23,96.0,3.4,971.633036511422,42486839.0,8.1
1367,Kenya,2010,Developing,63.0,1.73,9.0,95.0,18.9,9.0,3.97,9.0,4.3,951.687779975318,4135152.0,8.2
1368,Kenya,2009,Developing,59.1,1.86,88.0,1218.0,18.4,89.0,4.17,88.0,5.0,905.131653352153,423724.0,8.2
1369,Kenya,2008,Developing,57.9,1.71,88.0,1282.0,17.9,88.0,3.9,88.0,6.4,902.06995780481,39148416.0,8.3
1370,Kenya,2007,Developing,56.8,1.97,81.0,1516.0,17.3,76.0,4.8,81.0,9.1,825.666554958746,388599.0,8.4
1371,Kenya,2006,Developing,55.3,1.76,8.0,1847.0,16.9,77.0,4.24,8.0,10.3,685.954422921829,37525.0,8.5
1372,Kenya,2005,Developing,54.1,1.82,76.0,153.0,16.4,7.0,4.36,76.0,11.6,511.616394301253,3648288.0,8.6
1373,Kenya,2004,Developing,53.0,1.43,73.0,20.0,15.9,73.0,4.29,73.0,13.2,451.668766613608,3574931.0,8.7
1374,Kenya,2003,Developing,52.4,1.49,73.0,65.0,15.5,75.0,4.45,73.0,14.5,429.787818950371,3413852.0,8.8
1375,Kenya,2002,Developing,52.1,1.66,84.0,766.0,15.1,83.0,4.54,84.0,15.7,389.542630201236,332149.0,8.9
1523,Lithuania,2014,Developed,73.4,15.19,94.0,11.0,61.9,93.0,6.55,93.0,0.1,16551.018202078,2932367.0,2.6
1524,Lithuania,2013,Developed,73.0,15.04,93.0,35.0,61.4,93.0,6.59,93.0,0.1,15729.6524666512,2957689.0,2.7
1526,Lithuania,2011,Developed,72.8,12.66,95.0,7.0,6.5,92.0,6.86,92.0,0.1,14376.9478643932,328115.0,2.7
1527,Lithuania,2010,Developed,72.4,12.9,94.0,2.0,6.0,95.0,7.9,95.0,0.1,11987.508411647,397282.0,2.8
1529,Lithuania,2008,Developed,71.1,13.3,96.0,1.0,59.3,96.0,6.61,96.0,0.1,14944.996652175,3198231.0,2.9
1531,Lithuania,2006,Developed,76.0,12.7,95.0,1.0,58.7,94.0,6.2,94.0,0.1,9230.70798102521,326999.0,3.0
1532,Lithuania,2005,Developed,78.0,12.3,95.0,1.0,58.4,93.0,5.83,94.0,0.1,7854.76527867855,3322528.0,3.0
1533,Lithuania,2004,Developed,71.6,12.1,94.0,1.0,58.1,9.0,5.67,94.0,0.1,6700.32719189382,337775.0,3.1
1534,Lithuania,2003,Developed,71.6,11.29,95.0,1.0,57.8,91.0,6.46,94.0,0.1,5499.42898911387,3415213.0,3.2
1535,Lithuania,2002,Developed,71.4,11.0,94.0,103.0,57.5,97.0,6.4,95.0,0.1,4141.59270180102,344367.0,3.3
1536,Lithuania,2001,Developed,71.2,10.2,95.0,7.0,57.2,97.0,6.26,95.0,0.1,3525.79363185461,347818.0,3.3
1537,Lithuania,2000,Developed,71.6,9.87,98.0,19.0,56.9,92.0,6.46,94.0,0.1,3293.22997867086,3499536.0,3.4
1571,Malawi,2014,Developing,57.6,0.01,91.0,3.0,19.2,87.0,11.38,91.0,5.1,371.269521706741,1768838.0,6.5
1572,Malawi,2013,Developing,56.7,0.01,89.0,1.0,18.8,89.0,1.96,89.0,6.3,348.429873679261,16577147.0,6.5
1573,Malawi,2012,Developing,55.3,0.01,96.0,11.0,18.4,95.0,12.6,96.0,8.3,391.561705197224,169735.0,6.6
1574,Malawi,2011,Developing,54.1,1.23,97.0,26.0,18.0,97.0,11.67,97.0,11.2,534.951050199388,15627618.0,6.7
1575,Malawi,2010,Developing,52.9,1.08,93.0,118712.0,17.6,86.0,1.5,93.0,13.7,478.668688469613,1516795.0,6.8
1576,Malawi,2009,Developing,51.5,1.16,93.0,21.0,17.3,93.0,1.18,93.0,14.9,438.211856815356,1471462.0,6.9
1577,Malawi,2008,Developing,50.0,1.27,91.0,20.0,16.9,92.0,1.7,91.0,16.9,387.60572119129,14271234.0,7.0
1578,Malawi,2007,Developing,48.5,1.18,87.0,143.0,16.6,88.0,9.31,87.0,19.3,332.259094554424,1384969.0,7.1
1579,Malawi,2006,Developing,47.1,1.18,99.0,1.0,16.2,99.0,8.99,99.0,21.1,308.163618229107,13429262.0,7.3
1580,Malawi,2005,Developing,46.0,1.04,93.0,184.0,15.9,94.0,8.2,93.0,22.4,289.555214787188,1339711.0,7.4
1581,Malawi,2004,Developing,45.1,1.11,89.0,1116.0,15.5,94.0,7.82,89.0,23.4,282.567107568989,1267638.0,7.5
1582,Malawi,2003,Developing,44.6,1.08,84.0,167.0,15.2,85.0,6.35,84.0,24.2,267.399011935959,12336687.0,7.6
1583,Malawi,2002,Developing,44.0,1.1,64.0,92.0,14.8,79.0,4.82,64.0,24.7,298.433410422534,1213711.0,7.7
1587,Malaysia,2014,Developing,74.8,0.52,96.0,221.0,39.5,97.0,4.17,97.0,0.1,11319.0619448482,322817.0,7.6
1588,Malaysia,2013,Developing,74.6,0.53,96.0,195.0,38.5,97.0,4.2,97.0,0.1,10970.1042996033,2976724.0,7.8
1589,Malaysia,2012,Developing,74.5,0.53,97.0,1868.0,37.4,97.0,4.1,97.0,0.1,10817.4317100783,2917456.0,7.9
1590,Malaysia,2011,Developing,74.3,0.51,96.0,1569.0,36.3,96.0,3.89,96.0,0.1,10399.3702125714,28635128.0,8.0
1591,Malaysia,2010,Developing,74.1,0.49,96.0,73.0,35.3,96.0,3.99,96.0,0.1,9040.56849464524,28112289.0,8.2
1592,Malaysia,2009,Developing,74.0,0.47,96.0,153.0,34.4,97.0,3.97,97.0,0.1,7292.4949731478,2765383.0,8.3
1593,Malaysia,2008,Developing,73.8,0.47,97.0,334.0,33.4,97.0,3.47,97.0,0.1,8474.58776222379,2711169.0,8.5
1594,Malaysia,2007,Developing,73.7,0.43,96.0,394.0,32.5,97.0,3.61,97.0,0.1,7243.45680069813,26625845.0,8.7
1595,Malaysia,2006,Developing,73.6,0.42,95.0,564.0,31.6,95.0,3.65,95.0,0.1,6209.12616705899,26143566.0,8.8
1596,Malaysia,2005,Developing,73.4,0.46,96.0,1407.0,3.7,96.0,3.29,96.0,0.1,5587.02477972975,25659393.0,9.0
1597,Malaysia,2004,Developing,73.2,0.49,94.0,5729.0,29.8,95.0,3.74,95.0,0.1,4952.21395799046,2517419.0,9.2
1598,Malaysia,2003,Developing,73.1,0.48,95.0,632.0,28.8,96.0,3.95,96.0,0.1,4461.84732546759,2468873.0,9.3
1599,Malaysia,2002,Developing,72.9,0.49,95.0,408.0,27.9,94.0,3.4,94.0,0.1,4165.72610363859,24198811.0,9.5
1600,Malaysia,2001,Developing,72.7,0.53,95.0,2198.0,27.0,95.0,3.4,96.0,0.1,3913.42938647946,2369897.0,9.7
1601,Malaysia,2000,Developing,72.4,0.54,97.0,6187.0,26.0,98.0,3.4,98.0,0.1,4043.66292312877,2318568.0,9.8
1619,Mali,2014,Developing,57.8,0.01,73.0,290.0,23.2,74.0,6.86,73.0,1.6,848.279042956769,16962846.0,7.9
1620,Mali,2013,Developing,57.3,0.01,69.0,221.0,22.5,7.0,6.58,69.0,1.6,805.03397960822,16477818.0,8.1
1621,Mali,2012,Developing,57.2,0.01,66.0,341.0,21.9,72.0,6.47,66.0,1.5,778.625269510972,16667.0,8.3
1622,Mali,2011,Developing,56.8,0.61,66.0,24.0,21.3,72.0,6.59,66.0,1.5,837.605820999201,1554989.0,8.5
1623,Mali,2010,Developing,56.5,0.6,72.0,1719.0,2.7,77.0,6.35,73.0,1.5,710.274249372168,157585.0,8.8
1624,Mali,2009,Developing,56.0,0.59,71.0,2939.0,2.2,77.0,6.85,73.0,1.6,701.712040297053,1466597.0,9.0
1625,Mali,2008,Developing,55.5,0.57,74.0,98.0,19.6,74.0,6.74,74.0,1.6,697.087868500301,14138216.0,9.2
1626,Mali,2007,Developing,55.0,0.55,74.0,2.0,19.0,76.0,6.97,74.0,1.7,597.479838805985,1367566.0,9.4
1627,Mali,2006,Developing,54.3,0.53,9.0,128.0,18.5,79.0,6.56,78.0,1.8,523.043008265274,1322764.0,9.7
1628,Mali,2005,Developing,53.6,0.55,83.0,33.0,18.0,78.0,6.34,77.0,1.9,489.022820909143,12798763.0,9.9
1629,Mali,2004,Developing,52.8,0.49,73.0,172.0,17.5,7.0,6.28,69.0,2.0,440.958449506518,1239196.0,1.1
1630,Mali,2003,Developing,52.0,0.54,79.0,232.0,17.0,67.0,6.25,63.0,2.2,393.406772956044,125128.0,1.3
1652,Mauritania,2014,Developing,63.0,0.01,84.0,14.0,3.1,84.0,3.77,84.0,0.9,1677.10901942794,46392.0,8.0
1653,Mauritania,2013,Developing,62.7,0.01,8.0,62.0,29.4,8.0,3.63,8.0,1.1,1892.09400026444,394617.0,8.1
1654,Mauritania,2012,Developing,62.5,0.01,8.0,35.0,28.8,8.0,3.36,8.0,1.2,1815.21893947923,383239.0,8.3
1655,Mauritania,2011,Developing,62.2,0.01,75.0,234.0,28.1,73.0,2.87,75.0,1.2,1879.77247186677,3717672.0,8.5
1656,Mauritania,2010,Developing,62.0,0.01,64.0,1292.0,27.4,52.0,3.28,64.0,1.2,1610.92160333629,369543.0,8.7
1657,Mauritania,2009,Developing,61.7,0.01,64.0,322.0,26.8,63.0,3.79,64.0,1.2,1389.33853309998,356288.0,8.9
1658,Mauritania,2008,Developing,61.4,0.02,74.0,4.0,26.1,73.0,3.23,74.0,1.3,1579.51154806573,347541.0,9.2
1659,Mauritania,2007,Developing,61.2,0.02,74.0,11.0,25.5,75.0,3.54,75.0,1.3,1357.12428510502,3312665.0,9.4
1660,Mauritania,2006,Developing,69.0,0.01,68.0,22.0,24.8,68.0,3.21,68.0,1.3,1259.54150505961,322653.0,9.6
1661,Mauritania,2005,Developing,66.0,0.01,42.0,127.0,24.2,71.0,4.21,71.0,1.3,970.842360719242,31372.0,9.8
1749,Morocco,2014,Developing,74.1,0.43,99.0,10.0,57.5,99.0,5.91,99.0,0.1,3171.69919227376,3431882.0,6.4
1750,Morocco,2013,Developing,73.9,0.45,99.0,92.0,56.5,99.0,5.94,99.0,0.1,3121.68008083643,33824769.0,6.4
1751,Morocco,2012,Developing,73.6,0.55,99.0,668.0,55.5,99.0,6.15,99.0,0.1,2912.65827494029,33333789.0,6.3
1752,Morocco,2011,Developing,73.3,0.54,98.0,982.0,54.6,98.0,5.99,99.0,0.1,3046.94785427611,32858823.0,6.3
1753,Morocco,2010,Developing,72.8,0.56,98.0,633.0,53.6,99.0,5.86,99.0,0.1,2839.92611978697,3249639.0,6.3
1754,Morocco,2009,Developing,72.3,0.62,98.0,834.0,52.7,99.0,5.67,99.0,0.1,2866.92411016989,31989897.0,6.4
1755,Morocco,2008,Developing,71.8,0.51,97.0,1455.0,51.7,99.0,5.41,99.0,0.1,2890.36071538625,31596855.0,6.4
1756,Morocco,2007,Developing,71.4,0.56,95.0,2248.0,5.8,95.0,5.48,95.0,0.1,2499.25993757187,31225881.0,6.4
1757,Morocco,2006,Developing,71.0,0.58,95.0,1217.0,49.9,97.0,5.23,97.0,0.1,2196.01127633502,3869346.0,6.4
1759,Morocco,2004,Developing,72.0,0.56,95.0,6399.0,48.2,97.0,5.22,97.0,0.1,1952.9025338131,3179285.0,6.5
1760,Morocco,2003,Developing,69.9,0.58,9.0,10841.0,47.3,91.0,5.25,91.0,0.1,1725.45746606577,29843937.0,6.6
1761,Morocco,2002,Developing,69.5,0.46,92.0,6000.0,46.5,94.0,5.31,94.0,0.1,1416.4883957844,29512368.0,6.6
1762,Morocco,2001,Developing,69.0,0.46,84.0,2724.0,45.7,93.0,4.44,96.0,0.1,1339.29407718828,29181832.0,6.7
1763,Morocco,2000,Developing,68.6,0.45,43.0,7368.0,44.8,95.0,4.18,95.0,0.1,1334.94346380236,28849621.0,6.7
1765,Mozambique,2014,Developing,56.7,0.01,79.0,9.0,22.2,79.0,6.98,79.0,4.1,673.96921195694,27212382.0,3.6
1766,Mozambique,2013,Developing,55.3,1.16,78.0,8.0,21.8,78.0,5.9,78.0,5.1,664.077510357336,26434372.0,3.6
1767,Mozambique,2012,Developing,54.8,1.19,76.0,145.0,21.3,73.0,5.58,76.0,6.9,657.644676541878,2567666.0,3.6
1768,Mozambique,2011,Developing,54.3,0.94,76.0,177.0,2.9,73.0,6.23,76.0,9.6,594.586147098683,249395.0,3.7
1769,Mozambique,2010,Developing,54.0,0.96,74.0,2321.0,2.5,73.0,5.38,74.0,10.8,471.904343344477,2422145.0,3.7
1770,Mozambique,2009,Developing,53.8,1.18,74.0,60.0,2.1,74.0,5.43,74.0,11.3,520.402631609141,2352463.0,3.7
1771,Mozambique,2008,Developing,53.2,1.48,75.0,4.0,19.7,74.0,4.91,75.0,12.6,563.649634288657,22846758.0,3.7
1772,Mozambique,2007,Developing,52.1,1.03,75.0,267.0,19.3,75.0,5.25,75.0,14.1,482.198563648376,22188387.0,3.8
1773,Mozambique,2006,Developing,51.2,1.2,75.0,183.0,18.9,73.0,6.51,78.0,16.3,435.334063299058,21547463.0,3.8
1774,Mozambique,2005,Developing,58.0,1.23,75.0,12598.0,18.5,71.0,6.87,8.0,16.2,416.809824183966,29237.0,3.9
1775,Mozambique,2004,Developing,54.0,1.54,76.0,9396.0,18.1,69.0,5.91,83.0,15.9,383.270221899038,231275.0,3.9
1776,Mozambique,2003,Developing,51.0,1.68,76.0,28898.0,17.7,67.0,6.39,85.0,15.3,326.075190861329,19716598.0,4.0
1777,Mozambique,2002,Developing,49.8,2.16,76.0,7155.0,17.3,76.0,6.45,76.0,14.5,302.545233699878,19139658.0,4.0
1778,Mozambique,2001,Developing,49.5,2.09,25.0,7085.0,16.9,72.0,5.64,73.0,13.4,296.268406913079,18588758.0,4.1
1781,Myanmar,2014,Developing,66.4,0.01,88.0,122.0,22.9,88.0,2.28,88.0,0.3,1140.76651982206,51924182.0,12.9
1782,Myanmar,2013,Developing,66.2,0.7,75.0,1010.0,22.1,76.0,2.16,75.0,0.4,1121.94204945961,51448196.0,12.9
1783,Myanmar,2012,Developing,65.9,0.55,58.0,2175.0,21.3,87.0,2.22,84.0,0.5,1035.80423992229,5986514.0,13.0
1784,Myanmar,2011,Developing,65.6,0.33,4.0,2046.0,2.5,9.0,1.87,84.0,0.5,1061.92341090353,555331.0,13.0
1785,Myanmar,2010,Developing,65.4,0.3,92.0,190.0,19.8,9.0,1.92,9.0,0.5,1018.13172971134,5155896.0,13.1
1786,Myanmar,2009,Developing,65.2,0.28,91.0,329.0,19.1,9.0,2.5,9.0,0.6,840.074439314618,49869.0,13.1
1787,Myanmar,2008,Developing,59.2,0.3,85.0,333.0,18.3,85.0,1.87,85.0,0.6,637.521739384387,49479752.0,13.2
1788,Myanmar,2007,Developing,64.5,0.26,85.0,1088.0,17.6,84.0,1.68,86.0,0.6,512.58008609192,49171586.0,13.2
1789,Myanmar,2006,Developing,64.2,0.28,75.0,760.0,17.0,82.0,1.78,82.0,0.6,295.638358584232,48846474.0,13.2
1790,Myanmar,2005,Developing,63.9,0.28,62.0,314.0,16.4,86.0,1.83,73.0,0.5,216.00260325922,48482614.0,13.2
1791,Myanmar,2004,Developing,63.5,0.44,39.0,1329.0,15.7,92.0,1.97,82.0,0.5,182.38440993244,487377.0,13.3
1792,Myanmar,2003,Developing,63.2,0.4,8.0,830.0,15.2,86.0,1.97,78.0,0.5,186.540067750034,47624894.0,13.3
1814,Nepal,2014,Developing,69.6,0.01,92.0,1279.0,18.5,92.0,5.8,92.0,0.1,844.853124843617,28323241.0,15.9
1815,Nepal,2013,Developing,69.3,0.27,92.0,1861.0,18.0,92.0,5.69,92.0,0.1,823.359874609489,2798531.0,16.1
1816,Nepal,2012,Developing,68.9,0.26,9.0,3362.0,17.4,9.0,5.89,9.0,0.2,804.141607315404,27649925.0,16.3
1817,Nepal,2011,Developing,68.4,0.27,92.0,2359.0,16.9,92.0,6.73,92.0,0.2,799.583376878379,27327147.0,16.5
1818,Nepal,2010,Developing,68.0,0.24,82.0,190.0,16.4,83.0,6.43,82.0,0.2,592.401207101201,2723137.0,16.7
1819,Nepal,2009,Developing,67.5,0.22,89.0,189.0,15.9,93.0,6.41,89.0,0.2,478.173252764915,2674113.0,16.9
1820,Nepal,2008,Developing,67.0,0.21,82.0,2089.0,15.4,82.0,6.44,82.0,0.2,470.455459040508,26475859.0,17.0
1821,Nepal,2007,Developing,66.6,0.2,82.0,1415.0,14.9,82.0,5.84,82.0,0.2,391.380057185409,26214847.0,17.2
1822,Nepal,2006,Developing,66.0,0.2,69.0,2838.0,14.4,91.0,5.7,89.0,0.2,346.945331253185,2594618.0,17.4
1823,Nepal,2005,Developing,65.4,0.2,41.0,5023.0,13.9,78.0,5.72,75.0,0.2,315.805629997361,2564287.0,17.6
1824,Nepal,2004,Developing,64.7,0.21,27.0,12074.0,13.4,8.0,5.82,8.0,0.2,286.157672590748,2539449.0,17.8
1825,Nepal,2003,Developing,64.3,0.2,2.0,13344.0,12.9,76.0,5.48,78.0,0.1,252.402351773172,2495623.0,18.0
1894,Nigeria,2014,Developing,53.6,0.01,49.0,6855.0,24.7,49.0,3.67,49.0,3.9,3098.98579063938,1764652.0,1.1
1895,Nigeria,2013,Developing,53.2,8.3,46.0,52852.0,24.1,46.0,3.7,46.0,3.9,2961.54942175947,17182933.0,1.4
1896,Nigeria,2012,Developing,52.7,8.54,42.0,6447.0,23.5,42.0,3.3,42.0,4.4,2723.82219093859,167297284.0,1.7
1897,Nigeria,2011,Developing,52.3,8.75,46.0,18843.0,22.8,48.0,3.69,48.0,4.7,2487.59801680379,16287776.0,11.0
1898,Nigeria,2010,Developing,52.0,8.9,49.0,8491.0,22.2,54.0,3.47,54.0,4.8,2280.43733738126,158578261.0,11.3
1899,Nigeria,2009,Developing,51.6,9.05,63.0,1272.0,21.6,66.0,4.24,63.0,4.9,1891.33529693097,15442181.0,11.7
1900,Nigeria,2008,Developing,59.0,9.3,41.0,9960.0,21.0,6.0,4.0,53.0,5.0,2242.87190046259,1534739.0,12.0
1901,Nigeria,2007,Developing,55.0,9.55,42.0,2613.0,2.4,54.0,4.47,42.0,5.2,1883.46138847202,14641724.0,12.3
1902,Nigeria,2006,Developing,49.8,9.66,27.0,704.0,19.9,46.0,3.66,4.0,5.3,1656.42479354329,14261494.0,12.6
1903,Nigeria,2005,Developing,49.2,9.71,18.0,110927.0,19.3,45.0,4.11,36.0,5.4,1268.38346158479,138939478.0,12.9
1943,Pakistan,2014,Developing,66.2,0.01,72.0,1370.0,24.7,72.0,2.61,72.0,0.1,1251.17571867949,185546257.0,19.4
1944,Pakistan,2013,Developing,66.0,0.04,72.0,8749.0,23.9,72.0,2.7,72.0,0.1,1208.91771020458,181712595.0,19.6
1945,Pakistan,2012,Developing,65.7,0.04,72.0,8046.0,23.2,72.0,2.76,72.0,0.1,1198.11763704007,177911533.0,19.8
1946,Pakistan,2011,Developing,65.5,0.04,74.0,4386.0,22.5,75.0,3.1,74.0,0.1,1164.97882332035,174184265.0,2.0
1947,Pakistan,2010,Developing,65.1,0.04,82.0,4321.0,21.9,82.0,3.2,82.0,0.1,987.409712037523,1756182.0,2.2
1948,Pakistan,2009,Developing,64.8,0.03,78.0,863.0,21.3,7.0,2.94,71.0,0.1,957.995675292236,1674958.0,2.5
1949,Pakistan,2008,Developing,64.6,0.03,65.0,1129.0,2.6,7.0,3.26,62.0,0.1,990.846611164939,16364463.0,2.7
1950,Pakistan,2007,Developing,64.4,0.03,75.0,2801.0,2.1,75.0,3.35,75.0,0.1,908.095085179713,16332974.0,2.8
1951,Pakistan,2006,Developing,64.2,0.03,78.0,7641.0,19.5,77.0,3.4,78.0,0.1,836.860526218154,15793993.0,21.0
1952,Pakistan,2005,Developing,62.9,0.04,7.0,2981.0,18.9,78.0,2.91,77.0,0.1,748.922589270883,15399667.0,21.2
1953,Pakistan,2004,Developing,63.7,0.01,65.0,4248.0,18.4,65.0,2.56,65.0,0.1,687.836412662176,15783.0,21.4
1954,Pakistan,2003,Developing,63.5,0.01,63.0,4740.0,17.9,69.0,2.61,67.0,0.1,599.376330540607,1477341.0,21.6
2024,Philippines,2014,Developing,68.4,4.52,67.0,58848.0,24.8,77.0,4.71,67.0,0.1,2959.64543521349,112249.0,1.0
2025,Philippines,2013,Developing,68.1,4.61,89.0,2920.0,24.3,84.0,4.56,89.0,0.1,2871.42970135775,9848132.0,1.0
2026,Philippines,2012,Developing,68.1,5.02,88.0,1536.0,23.7,88.0,4.46,88.0,0.1,2694.30510934442,96866642.0,1.0
2027,Philippines,2011,Developing,68.0,4.96,87.0,6538.0,23.1,87.0,4.29,87.0,0.1,2450.73569408545,9527794.0,1.0
2028,Philippines,2010,Developing,67.9,4.85,77.0,6368.0,22.6,78.0,4.37,79.0,0.1,2217.47215336652,93726624.0,1.0
2029,Philippines,2009,Developing,68.0,4.42,85.0,1469.0,22.1,86.0,4.41,87.0,0.1,1905.8952358477,9222879.0,1.0
2030,Philippines,2008,Developing,67.5,4.21,88.0,341.0,21.6,91.0,4.5,91.0,0.1,1991.22974882301,9751864.0,1.0
2031,Philippines,2007,Developing,67.5,4.19,87.0,530.0,21.1,87.0,3.94,87.0,0.1,1744.63997916407,8929349.0,1.0
2032,Philippines,2006,Developing,67.3,4.08,77.0,9.0,2.6,88.0,3.95,88.0,0.1,1452.43808944715,8789419.0,1.0
2033,Philippines,2005,Developing,67.0,4.22,49.0,118.0,2.1,9.0,3.91,89.0,0.1,1244.34874065936,86274237.0,1.0
2034,Philippines,2004,Developing,67.3,4.45,48.0,3025.0,19.6,85.0,3.23,88.0,0.1,1121.49000606926,84678493.0,1.0
2035,Philippines,2003,Developing,67.2,4.44,52.0,10511.0,19.2,85.0,3.25,84.0,0.1,1048.00820456496,8331954.0,1.0
2036,Philippines,2002,Developing,66.8,4.42,42.0,7003.0,18.7,77.0,2.79,79.0,0.1,1036.15833064155,813526.0,1.0
2037,Philippines,2001,Developing,66.8,4.54,45.0,7360.0,18.3,76.0,3.0,79.0,0.1,990.564048696136,79665315.0,1.0
2038,Philippines,2000,Developing,66.8,4.73,7.0,7120.0,17.8,74.0,3.21,78.0,0.1,1072.80903683195,77991569.0,1.0
2041,Poland,2013,Developed,77.1,11.63,96.0,84.0,6.4,95.0,6.4,99.0,0.1,13696.4663046143,384196.0,2.0
2042,Poland,2012,Developed,76.8,10.81,97.0,71.0,59.7,95.0,6.62,99.0,0.1,13097.2708482174,3863164.0,2.0
2044,Poland,2010,Developed,76.3,10.59,98.0,13.0,58.4,96.0,6.88,99.0,0.1,12613.0109954681,3842794.0,2.1
2045,Poland,2009,Developed,75.7,10.7,98.0,115.0,57.8,96.0,7.12,99.0,0.1,11526.0558884824,3815163.0,2.1
2047,Poland,2007,Developed,75.3,10.9,98.0,40.0,56.6,99.0,6.28,99.0,0.1,11254.5173881254,381256.0,2.2
2048,Poland,2006,Developed,75.2,10.4,98.0,120.0,56.0,99.0,6.17,99.0,0.1,9035.41046744936,38141267.0,2.3
2049,Poland,2005,Developed,75.0,9.5,98.0,13.0,55.5,99.0,6.2,99.0,0.1,8021.50574346795,38165445.0,2.3
2050,Poland,2004,Developed,74.9,9.19,98.0,11.0,55.0,99.0,6.19,99.0,0.1,6681.38647195042,38182222.0,2.4
2051,Poland,2003,Developed,74.7,9.06,97.0,48.0,54.5,98.0,6.22,99.0,0.1,5701.6022116161,382457.0,2.4
2052,Poland,2002,Developed,74.5,8.02,98.0,34.0,54.0,98.0,6.32,99.0,0.1,5207.17142069402,3823364.0,2.5
2053,Poland,2001,Developed,74.2,7.74,95.0,133.0,53.6,98.0,5.86,98.0,0.1,4991.24435799511,3824876.0,2.5
2054,Poland,2000,Developed,73.7,8.4,99.0,77.0,53.1,98.0,5.5,98.0,0.1,4501.45406742273,38258629.0,2.5
2057,Portugal,2013,Developed,86.0,10.0,98.0,1.0,6.2,98.0,9.55,98.0,0.1,21647.0418118869,1457295.0,0.7
2058,Portugal,2012,Developed,83.0,11.96,98.0,23.0,59.5,98.0,9.74,98.0,0.1,20564.8898617969,1514844.0,0.7
2059,Portugal,2011,Developed,82.0,11.92,97.0,2.0,58.8,97.0,1.7,97.0,0.1,23186.9131283278,155756.0,0.7
2060,Portugal,2010,Developed,79.6,12.25,97.0,5.0,58.1,97.0,1.44,98.0,0.1,22498.6908586557,15731.0,0.7
2061,Portugal,2009,Developed,79.3,12.03,96.0,3.0,57.3,96.0,1.42,96.0,0.1,23059.7974457294,1568247.0,0.7
2062,Portugal,2008,Developed,79.0,12.35,97.0,1.0,56.5,97.0,9.9,97.0,0.1,24847.545135091,1558177.0,0.7
2065,Portugal,2005,Developed,77.7,13.33,94.0,7.0,54.1,93.0,9.98,93.0,0.1,18773.1253616354,15333.0,0.7
2066,Portugal,2004,Developed,78.0,13.45,94.0,5.0,53.3,95.0,9.84,95.0,0.1,18031.0004215768,1483861.0,0.7
2067,Portugal,2003,Developed,77.3,14.21,94.0,8.0,52.5,96.0,9.54,99.0,0.1,15762.9757897367,1458821.0,0.7
2068,Portugal,2002,Developed,77.2,12.0,82.0,8.0,51.7,96.0,9.15,98.0,0.1,12875.3207922585,1419631.0,0.8
2070,Portugal,2000,Developed,76.6,11.89,58.0,45.0,5.1,96.0,9.14,96.0,0.1,11497.7534604525,1289898.0,0.8
2120,Romania,2014,Developed,74.8,0.01,94.0,59.0,59.9,94.0,5.57,94.0,0.1,10043.6774497614,1998979.0,2.6
2121,Romania,2013,Developed,74.6,9.59,96.0,1159.0,59.2,88.0,5.6,92.0,0.1,9547.85215096612,19983693.0,2.7
2122,Romania,2012,Developed,74.4,9.58,96.0,7450.0,58.4,92.0,5.48,91.0,0.1,8507.10477456436,25835.0,2.8
2123,Romania,2011,Developed,74.3,9.1,96.0,4189.0,57.7,89.0,5.53,89.0,0.1,9099.2175388969,2147528.0,2.9
2124,Romania,2010,Developed,73.4,9.0,98.0,193.0,56.9,94.0,5.83,94.0,0.1,8214.07689289811,2246871.0,3.0
2125,Romania,2009,Developed,73.1,10.4,95.0,8.0,56.3,95.0,5.56,95.0,0.1,8548.11867218639,2367487.0,3.0
2126,Romania,2008,Developed,73.1,11.9,97.0,12.0,55.6,95.0,5.33,96.0,0.1,10435.0439841037,2537875.0,3.1
2127,Romania,2007,Developed,72.9,10.6,99.0,353.0,55.0,96.0,5.21,96.0,0.1,8360.16632132485,2882982.0,3.2
2128,Romania,2006,Developed,72.5,8.51,99.0,3196.0,54.4,97.0,5.6,97.0,0.1,5757.4964285719,2119376.0,3.2
2129,Romania,2005,Developed,71.9,7.68,98.0,5043.0,53.9,97.0,5.47,97.0,0.1,4617.92901643258,21319685.0,3.3
2130,Romania,2004,Developed,71.7,9.82,99.0,117.0,53.4,97.0,5.43,97.0,0.1,3494.94451718304,21451748.0,3.4
2131,Romania,2003,Developed,71.1,8.78,98.0,9.0,52.9,97.0,5.3,97.0,0.1,2679.41190951209,21574326.0,3.5
2132,Romania,2002,Developed,77.0,9.62,99.0,14.0,52.4,98.0,4.57,98.0,0.1,2119.88267323918,2173496.0,3.7
2133,Romania,2001,Developed,78.0,9.78,98.0,10.0,51.9,99.0,4.36,99.0,0.1,1825.17980455979,2213197.0,3.8
2134,Romania,2000,Developed,77.0,10.16,98.0,35.0,51.4,99.0,4.33,99.0,0.1,1659.90763954548,22442971.0,4.0
2136,Russian Federation,2014,Developing,73.0,10.12,97.0,4711.0,59.9,97.0,7.7,97.0,0.1,14095.648742954,143819666.0,2.3
2137,Russian Federation,2013,Developing,70.0,10.58,97.0,2339.0,59.3,98.0,7.9,97.0,0.2,15974.6446270517,14356911.0,2.3
2138,Russian Federation,2012,Developing,69.6,10.99,97.0,2123.0,58.7,98.0,6.88,97.0,0.3,15420.8745413273,14321676.0,2.3
2139,Russian Federation,2011,Developing,69.4,11.04,97.0,629.0,58.1,97.0,6.61,97.0,0.3,14311.0843159612,14296868.0,2.3
2140,Russian Federation,2010,Developing,68.4,11.05,97.0,129.0,57.5,98.0,6.83,97.0,0.2,10674.9957825675,142849449.0,2.3
2141,Russian Federation,2009,Developing,68.2,11.21,98.0,101.0,57.0,98.0,7.44,98.0,0.3,8562.81327716515,142785342.0,2.3
2142,Russian Federation,2008,Developing,67.5,12.04,98.0,27.0,56.6,98.0,6.22,98.0,0.3,11635.2729337888,14274235.0,2.3
2143,Russian Federation,2007,Developing,67.3,12.19,98.0,173.0,56.1,98.0,5.38,98.0,0.3,9101.25504905672,1428588.0,2.4
2144,Russian Federation,2006,Developing,66.4,11.79,98.0,1147.0,55.7,98.0,5.3,98.0,0.3,6920.18912483291,14349528.0,2.4
2145,Russian Federation,2005,Developing,65.0,11.57,97.0,454.0,55.3,98.0,5.21,98.0,0.3,5323.46308263383,143518523.0,2.4
2146,Russian Federation,2004,Developing,64.9,11.5,96.0,2444.0,55.0,98.0,5.19,97.0,0.3,4102.36483299792,1446754.0,2.5
2147,Russian Federation,2003,Developing,64.6,11.32,94.0,3291.0,54.7,97.0,5.61,96.0,0.4,2975.12535330125,144648257.0,2.6
2148,Russian Federation,2002,Developing,64.8,10.87,81.0,580.0,54.5,97.0,5.99,97.0,0.3,2377.52957748244,1453646.0,2.7
2149,Russian Federation,2001,Developing,65.1,10.47,43.0,2072.0,54.2,97.0,5.67,96.0,0.3,2100.35251171829,14597683.0,2.8
2152,Rwanda,2014,Developing,65.7,0.01,98.0,10.0,2.8,98.0,7.53,98.0,0.4,743.559037978437,11345357.0,5.8
2153,Rwanda,2013,Developing,65.2,0.01,98.0,17.0,2.1,98.0,7.69,98.0,0.5,722.894328508749,1165151.0,5.9
2154,Rwanda,2012,Developing,64.6,0.01,98.0,75.0,19.5,98.0,7.68,98.0,0.7,725.169770255329,1788853.0,6.1
2155,Rwanda,2011,Developing,63.8,8.34,97.0,31.0,18.9,93.0,7.71,97.0,1.3,668.494672193863,151671.0,6.3
2156,Rwanda,2010,Developing,62.8,7.92,97.0,121.0,18.3,93.0,7.91,97.0,2.3,609.724917020252,1246842.0,6.5
2157,Rwanda,2009,Developing,61.0,7.11,97.0,5.0,17.7,93.0,7.2,97.0,2.8,579.726615038344,9977446.0,6.6
2158,Rwanda,2008,Developing,68.0,6.39,97.0,6.0,17.1,97.0,7.66,97.0,3.7,543.545356504914,978169.0,6.7
2159,Rwanda,2007,Developing,59.6,6.78,97.0,26.0,16.5,98.0,8.49,97.0,5.0,438.664184462988,944742.0,6.8
2160,Rwanda,2006,Developing,57.6,6.88,99.0,494.0,15.9,99.0,1.2,99.0,6.2,366.894392401644,92658.0,6.8
2161,Rwanda,2005,Developing,55.3,7.01,95.0,129.0,15.4,95.0,6.83,95.0,7.1,331.690113448529,8991735.0,6.8
2162,Rwanda,2004,Developing,53.4,6.75,89.0,386.0,14.9,89.0,6.24,89.0,7.7,273.633690278611,8818438.0,6.9
2163,Rwanda,2003,Developing,52.0,6.66,96.0,1064.0,14.5,96.0,6.34,96.0,8.1,249.743313122503,868346.0,7.0
2164,Rwanda,2002,Developing,57.0,7.82,88.0,2738.0,14.1,85.0,4.18,88.0,8.0,233.151263623832,853625.0,7.2
2250,Senegal,2014,Developing,66.4,0.26,89.0,32.0,23.8,85.0,4.66,89.0,0.3,1396.65733855586,14546111.0,9.7
2251,Senegal,2013,Developing,66.0,0.26,92.0,17.0,23.2,89.0,4.51,92.0,0.3,1372.66577931902,141232.0,9.9
2252,Senegal,2012,Developing,65.6,0.28,91.0,46.0,22.7,83.0,4.31,91.0,0.4,1317.77980180538,1373513.0,1.0
2253,Senegal,2011,Developing,64.9,0.32,92.0,18.0,22.2,89.0,4.42,92.0,0.4,1366.77450070807,13391.0,1.2
2254,Senegal,2010,Developing,64.3,0.28,89.0,428.0,21.7,76.0,4.62,89.0,0.4,1271.58328084525,12916229.0,1.4
2255,Senegal,2009,Developing,63.5,0.3,86.0,999.0,21.2,83.0,4.81,86.0,0.5,1308.93780804914,1255917.0,1.6
2256,Senegal,2008,Developing,62.8,0.28,88.0,6.0,2.8,87.0,4.94,88.0,0.6,1403.94938456653,1223957.0,1.8
2257,Senegal,2007,Developing,62.1,0.32,94.0,11.0,2.3,93.0,4.72,94.0,0.7,1198.39281147582,11873557.0,11.0
2258,Senegal,2006,Developing,61.3,0.34,89.0,3.0,19.9,89.0,5.44,89.0,0.7,1031.37992781889,11556763.0,11.2
2260,Senegal,2004,Developing,59.7,0.35,54.0,31.0,19.1,87.0,5.68,87.0,0.7,937.402309565335,1955944.0,11.6
2266,Serbia,2014,Developing,75.4,9.09,92.0,37.0,59.4,93.0,1.37,93.0,0.1,6600.05680854589,713576.0,2.1
2267,Serbia,2013,Developing,75.3,9.16,91.0,1.0,58.9,97.0,1.12,95.0,0.1,6755.07367461629,7164132.0,2.1
2269,Serbia,2011,Developing,74.6,9.56,94.0,370.0,57.7,94.0,9.72,94.0,0.1,6809.15980400146,723499.0,2.2
2270,Serbia,2010,Developing,74.4,9.65,89.0,20.0,57.0,91.0,1.9,91.0,0.1,5735.42285659849,7291436.0,2.2
2271,Serbia,2009,Developing,74.1,9.85,93.0,1.0,56.4,97.0,9.9,95.0,0.1,6169.11419477823,73287.0,2.3
2272,Serbia,2008,Developing,74.0,9.54,93.0,2.0,55.8,95.0,1.5,95.0,0.1,7101.04014116862,735222.0,2.3
2273,Serbia,2007,Developing,73.8,9.3,99.0,201.0,55.1,93.0,1.2,94.0,0.1,5848.47640545105,7381579.0,2.4
2274,Serbia,2006,Developing,73.6,8.58,93.0,2.0,54.5,97.0,8.99,92.0,0.1,4382.61727851692,7411569.0,2.5
2275,Serbia,2005,Developing,73.0,9.6,65.0,2.0,53.9,98.0,8.7,98.0,0.1,3720.47915467431,744769.0,2.5
2276,Serbia,2004,Developing,73.0,7.42,89.0,11.0,53.3,96.0,8.24,88.0,0.1,3502.80292389567,7463157.0,2.6
2394,South Africa,2014,Developing,62.0,7.38,8.0,66.0,5.3,77.0,8.8,77.0,3.7,6433.40040236585,54146734.74,4.9
2395,South Africa,2013,Developing,69.0,7.34,7.0,25.0,49.5,73.0,8.78,73.0,4.5,6832.72554600295,53311955.61,5.4
2396,South Africa,2012,Developing,59.2,7.38,68.0,32.0,48.7,65.0,8.79,65.0,7.6,7501.66109639676,5256515.8,6.0
2397,South Africa,2011,Developing,58.9,7.38,76.0,92.0,47.9,69.0,8.61,69.0,8.5,8007.47643908404,51729345.36,6.6
2398,South Africa,2010,Developing,58.0,7.28,71.0,12499.0,47.2,72.0,8.5,72.0,11.0,7328.61519967084,5979432.36,7.3
2399,South Africa,2009,Developing,56.5,7.6,74.0,5857.0,46.4,75.0,8.39,76.0,19.0,5862.79710791594,5255813.11,8.1
2400,South Africa,2008,Developing,55.3,8.19,76.0,39.0,45.7,77.0,7.75,79.0,23.5,5760.80517151179,49557573.3,8.9
2401,South Africa,2007,Developing,54.5,8.48,83.0,31.0,45.0,79.0,7.53,82.0,26.4,6095.62157019026,48883844.99,9.7
2402,South Africa,2006,Developing,54.0,8.5,83.0,81.0,44.3,79.0,7.57,82.0,28.1,5602.01046615218,4823384.48,1.6
2403,South Africa,2005,Developing,53.8,8.69,79.0,615.0,43.6,75.0,7.77,79.0,29.5,5383.65721714514,476667.24,11.6
2404,South Africa,2004,Developing,53.7,6.96,76.0,830.0,42.9,73.0,7.93,74.0,29.7,4833.62751660714,4717.99,12.6
2405,South Africa,2003,Developing,54.0,6.93,71.0,244.0,42.2,7.0,8.26,69.0,28.9,3751.28225102743,46418193.9,13.5
2406,South Africa,2002,Developing,54.9,7.04,72.0,1043.0,41.6,7.0,8.9,7.0,26.6,2502.27700465337,45855482.88,14.5
2407,South Africa,2001,Developing,56.0,7.38,72.0,1166.0,4.9,71.0,8.31,71.0,24.0,2666.47502701186,45312937.0,15.4
2408,South Africa,2000,Developing,57.3,7.3,73.0,1459.0,4.1,71.0,8.7,73.0,21.3,3032.43918160783,44896856.0,16.3
2426,Spain,2014,Developed,82.6,0.01,96.0,154.0,66.0,97.0,9.3,97.0,0.1,29461.5503337389,4648882.0,0.6
2427,Spain,2013,Developed,82.4,9.25,95.0,131.0,65.4,96.0,9.1,96.0,0.1,29059.5479522321,466245.0,0.6
2428,Spain,2012,Developed,82.0,9.35,96.0,1204.0,64.8,97.0,9.39,97.0,0.1,28324.4293363918,4677355.0,0.6
2429,Spain,2011,Developed,82.1,9.62,97.0,3802.0,64.1,97.0,9.48,97.0,0.1,31636.4463142558,46742697.0,0.6
2430,Spain,2010,Developed,81.9,9.78,97.0,302.0,63.5,97.0,9.56,97.0,0.1,30502.7197080776,46576897.0,0.6
2431,Spain,2009,Developed,81.6,9.99,96.0,41.0,62.9,96.0,9.52,96.0,0.1,32042.4740786617,46362946.0,0.6
2432,Spain,2008,Developed,81.3,10.24,97.0,297.0,62.3,97.0,8.8,97.0,0.1,35366.2596011983,4595416.0,0.6
2433,Spain,2007,Developed,89.0,11.05,96.0,267.0,61.7,96.0,8.36,96.0,0.1,32549.9709785513,4522683.0,0.6
2434,Spain,2006,Developed,88.0,11.86,97.0,362.0,61.1,98.0,8.23,98.0,0.1,28365.3134896346,44397319.0,0.6
2435,Spain,2005,Developed,81.0,11.92,96.0,22.0,6.5,96.0,8.12,96.0,0.1,26419.2968638221,43653155.0,0.6
2436,Spain,2004,Developed,81.0,11.96,97.0,26.0,59.9,97.0,8.5,97.0,0.1,24861.2827964413,42921895.0,0.6
2437,Spain,2003,Developed,79.4,12.09,81.0,256.0,59.3,99.0,7.99,98.0,0.1,21463.4426577449,42187645.0,0.6
2438,Spain,2002,Developed,79.5,12.26,82.0,67.0,58.8,98.0,7.25,98.0,0.1,17025.5319828692,41431558.0,0.6
2440,Spain,2000,Developed,79.1,11.12,77.0,152.0,57.6,95.0,7.21,95.0,0.1,14713.0657111519,4567864.0,0.6
2442,Sri Lanka,2014,Developing,74.7,2.37,99.0,1686.0,22.7,99.0,3.5,99.0,0.1,3819.25352972265,2771.0,15.2
2443,Sri Lanka,2013,Developing,74.6,2.56,99.0,2107.0,21.9,99.0,3.68,99.0,0.1,3610.28936304898,2585.0,15.2
2444,Sri Lanka,2012,Developing,74.5,2.8,99.0,51.0,21.2,99.0,3.21,99.0,0.1,3350.52187589289,2425.0,15.3
2445,Sri Lanka,2011,Developing,74.5,3.03,99.0,60.0,2.5,99.0,3.28,99.0,0.1,3200.86113238282,2271.0,15.3
2446,Sri Lanka,2010,Developing,74.5,2.31,99.0,79.0,19.8,99.0,3.43,99.0,0.1,2799.64873802555,2119.0,15.3
2447,Sri Lanka,2009,Developing,71.8,2.05,97.0,21.0,19.2,97.0,3.37,97.0,0.1,2090.4018261396,19968.0,15.3
2448,Sri Lanka,2008,Developing,72.3,2.1,98.0,33.0,18.5,98.0,3.44,98.0,0.1,2037.32210302668,19817.0,15.4
2449,Sri Lanka,2007,Developing,73.7,2.29,98.0,44.0,17.9,98.0,3.76,98.0,0.1,1630.38890604323,19668.0,15.4
2451,Sri Lanka,2005,Developing,74.2,1.97,99.0,3.0,16.6,99.0,4.6,99.0,0.1,1248.69818517034,19373.0,15.4
2452,Sri Lanka,2004,Developing,69.1,1.56,62.0,35.0,16.1,97.0,4.28,97.0,0.1,1065.78443680197,19228.0,15.4
2453,Sri Lanka,2003,Developing,73.9,1.69,32.0,65.0,15.6,98.0,3.95,99.0,0.1,982.195696950166,1983.0,15.4
2571,Thailand,2013,Developing,74.5,6.5,99.0,2641.0,31.3,99.0,4.0,99.0,0.1,6168.26135569944,6814365.0,7.9
2572,Thailand,2012,Developing,74.3,6.56,98.0,5197.0,3.1,99.0,4.17,99.0,0.1,5860.58147053475,67843979.0,8.0
2573,Thailand,2011,Developing,74.1,6.07,98.0,3156.0,29.0,99.0,4.12,99.0,0.2,5492.12149993341,675313.0,8.1
2574,Thailand,2010,Developing,73.9,5.95,98.0,2583.0,27.9,99.0,3.81,99.0,0.2,5076.33987220163,672888.0,8.2
2575,Thailand,2009,Developing,73.7,5.88,98.0,6071.0,26.8,99.0,4.11,99.0,0.3,4213.00665375142,66881867.0,8.3
2576,Thailand,2008,Developing,73.5,5.92,98.0,7790.0,25.7,99.0,3.92,99.0,0.3,4379.65878719505,6654576.0,8.5
2577,Thailand,2007,Developing,73.3,6.2,96.0,3893.0,24.6,98.0,3.56,98.0,0.4,3973.01717157725,66195615.0,8.6
2578,Thailand,2006,Developing,73.0,6.18,96.0,3588.0,23.6,98.0,3.49,98.0,0.5,3369.54319807344,65824164.0,8.7
2579,Thailand,2005,Developing,72.5,6.26,96.0,3526.0,22.6,98.0,3.55,98.0,0.5,2894.06265596401,6542547.0,8.9
2580,Thailand,2004,Developing,71.6,6.17,96.0,4165.0,21.7,98.0,3.51,98.0,0.5,2660.12683458135,652231.0,9.0
2581,Thailand,2003,Developing,71.7,6.14,96.0,4519.0,2.9,98.0,3.58,98.0,0.6,2359.11683054367,64554952.0,9.1
2582,Thailand,2002,Developing,71.4,5.93,95.0,10315.0,2.2,97.0,3.7,96.0,0.7,2096.18780236208,6473164.0,9.2
2583,Thailand,2001,Developing,71.2,5.92,95.0,7319.0,19.4,97.0,3.32,96.0,0.8,1893.26423865967,63543322.0,9.3
2584,Thailand,2000,Developing,71.1,5.88,95.0,4074.0,18.7,97.0,3.4,97.0,0.8,2007.7352707452,6295821.0,9.4
2666,Tunisia,2014,Developing,75.1,1.39,98.0,15.0,6.2,98.0,7.0,98.0,0.1,4305.48235674968,1114398.0,6.5
2667,Tunisia,2013,Developing,74.9,1.29,98.0,16.0,59.3,98.0,7.26,98.0,0.1,4222.70514036347,1114558.0,6.4
2668,Tunisia,2012,Developing,74.9,1.3,97.0,48.0,58.3,97.0,7.18,97.0,0.1,4152.68439365665,1886668.0,6.4
2669,Tunisia,2011,Developing,74.8,1.29,98.0,11.0,57.4,98.0,7.15,98.0,0.1,4264.6781221604,1761467.0,6.4
2670,Tunisia,2010,Developing,74.8,1.28,98.0,1.0,56.5,98.0,6.54,98.0,0.1,4141.97596390705,1639931.0,6.3
2671,Tunisia,2009,Developing,74.7,1.4,99.0,1.0,55.6,99.0,6.18,99.0,0.1,4128.46395929364,1521834.0,6.3
2672,Tunisia,2008,Developing,74.7,1.37,99.0,2.0,54.7,99.0,5.63,99.0,0.1,4307.58002263066,147336.0,6.3
2673,Tunisia,2007,Developing,74.6,1.24,98.0,4.0,53.9,98.0,5.64,98.0,0.1,3776.33204636461,129887.0,6.3
2674,Tunisia,2006,Developing,74.4,1.46,99.0,3.0,53.1,99.0,5.64,99.0,0.1,3369.92444259929,1196136.0,6.3
2675,Tunisia,2005,Developing,74.2,1.37,97.0,15.0,52.2,98.0,5.57,98.0,0.1,3193.20435786446,112482.0,6.4
2676,Tunisia,2004,Developing,74.0,1.36,96.0,1.0,51.4,97.0,5.63,97.0,0.1,3111.3743813976,11761.0,6.4
2677,Tunisia,2003,Developing,73.7,1.34,92.0,22.0,5.6,95.0,5.36,95.0,0.1,2760.40512203819,9939678.0,6.4
2678,Tunisia,2002,Developing,73.5,1.17,93.0,98.0,49.7,96.0,5.32,96.0,0.1,2344.39690730329,9864326.0,6.5
2679,Tunisia,2001,Developing,73.2,1.19,94.0,231.0,48.9,98.0,5.29,98.0,0.1,2253.03485218065,978571.0,6.5
2680,Tunisia,2000,Developing,72.9,1.21,94.0,47.0,48.1,97.0,5.4,97.0,0.1,2211.8350154787,9699197.0,6.6
2682,Turkey,2014,Developing,75.5,1.45,96.0,565.0,65.3,96.0,5.41,96.0,0.1,12157.9904337823,773628.0,4.9
2683,Turkey,2013,Developing,75.2,1.41,97.0,7405.0,64.5,98.0,5.38,98.0,0.1,12614.7816100386,75787333.0,4.9
2684,Turkey,2012,Developing,74.8,1.54,97.0,349.0,63.7,97.0,5.24,97.0,0.1,11795.6334567571,74569867.0,4.9
2685,Turkey,2011,Developing,74.5,1.53,96.0,111.0,62.8,97.0,5.29,97.0,0.1,11420.5554558378,7349455.0,4.9
2686,Turkey,2010,Developing,74.2,1.49,96.0,7.0,61.9,97.0,5.61,97.0,0.1,10742.7749787626,72326914.0,4.9
2687,Turkey,2009,Developing,73.9,1.4,94.0,4.0,61.1,96.0,6.8,96.0,0.1,9103.47405061243,71339185.0,4.9
2689,Turkey,2007,Developing,73.2,1.26,96.0,3.0,59.3,96.0,6.4,96.0,0.1,9791.88245001167,69597281.0,5.0
2690,Turkey,2006,Developing,72.8,1.29,82.0,34.0,58.5,9.0,5.81,9.0,0.1,8101.85692374776,6876345.0,5.0
2691,Turkey,2005,Developing,72.4,1.29,85.0,6200.0,57.6,9.0,5.45,9.0,0.1,7456.2961006749,679346.0,5.0
2692,Turkey,2004,Developing,72.0,1.35,77.0,8927.0,56.8,85.0,5.37,85.0,0.1,6101.63211660696,677855.0,5.1
2693,Turkey,2003,Developing,71.6,1.42,68.0,5844.0,55.9,69.0,5.34,68.0,0.1,4760.1040190451,668583.0,5.1
2694,Turkey,2002,Developing,71.2,1.47,72.0,7823.0,55.1,78.0,5.36,78.0,0.1,3687.95609325031,6514354.0,5.2
2695,Turkey,2001,Developing,78.0,1.49,77.0,30509.0,54.3,88.0,5.16,88.0,0.1,3142.92099774582,64191474.0,5.2
2696,Turkey,2000,Developing,74.0,1.54,71.0,16244.0,53.5,85.0,4.95,85.0,0.1,4337.47800296354,6324121.0,5.3
2715,Uganda,2014,Developing,61.5,0.01,78.0,314.0,18.1,82.0,7.22,78.0,3.2,879.734948641603,38833338.0,5.7
2716,Uganda,2013,Developing,67.0,0.01,78.0,7878.0,17.6,82.0,7.47,78.0,4.0,806.611936278349,37553726.0,5.7
2717,Uganda,2012,Developing,60.0,0.01,78.0,2027.0,17.2,82.0,7.58,78.0,4.6,786.73871102727,3636796.0,5.8
2718,Uganda,2011,Developing,59.3,10.22,82.0,3312.0,16.7,82.0,9.9,82.0,6.8,828.994112767086,3593648.0,5.9
2719,Uganda,2010,Developing,58.4,10.03,8.0,1313.0,16.3,79.0,11.2,8.0,8.0,819.007465178737,33915133.0,6.0
2720,Uganda,2009,Developing,57.5,9.63,79.0,1601.0,15.9,78.0,8.43,79.0,8.1,796.530924443729,32771895.0,6.1
2721,Uganda,2008,Developing,56.3,9.79,71.0,1319.0,15.6,69.0,9.1,71.0,8.2,474.517949634028,31663896.0,6.2
2722,Uganda,2007,Developing,55.5,9.65,73.0,3776.0,15.2,7.0,9.76,73.0,8.4,403.66374462353,359487.0,6.3
2723,Uganda,2006,Developing,54.9,9.81,64.0,5736.0,14.8,62.0,9.86,64.0,8.6,349.217100086696,2955662.0,6.4
2724,Uganda,2005,Developing,53.2,10.09,64.0,22.0,14.5,59.0,9.36,64.0,8.7,333.731576250845,2854394.0,6.5
2725,Uganda,2004,Developing,51.3,9.89,62.0,141.0,14.2,58.0,8.9,62.0,8.9,296.014267535995,27568436.0,6.6
2726,Uganda,2003,Developing,51.0,10.16,44.0,29429.0,13.9,57.0,7.54,59.0,9.4,254.301204311833,2662482.0,6.7
2727,Uganda,2002,Developing,48.8,10.42,29.0,49871.0,13.6,57.0,7.78,57.0,10.0,245.500040345771,2571848.0,6.8
2733,Ukraine,2012,Developing,77.0,8.44,46.0,12746.0,59.6,72.0,7.47,76.0,0.2,3855.41772856732,455933.0,2.4
2734,Ukraine,2011,Developing,75.0,8.48,21.0,1333.0,59.0,54.0,6.98,5.0,0.2,3569.75812083898,45761.0,2.4
2735,Ukraine,2010,Developing,69.8,8.39,48.0,39.0,58.5,57.0,7.81,52.0,0.2,2965.13971520617,45877.0,2.4
2737,Ukraine,2008,Developing,67.7,9.46,84.0,48.0,57.6,91.0,6.63,9.0,0.4,3887.24233680525,462582.0,2.5
2738,Ukraine,2007,Developing,67.5,8.86,92.0,1005.0,57.2,98.0,6.36,98.0,0.7,3065.61129390842,465935.0,2.5
2739,Ukraine,2006,Developing,67.7,7.99,96.0,42724.0,56.8,99.0,6.39,98.0,0.8,2300.76970925872,4678775.0,2.6
2740,Ukraine,2005,Developing,67.0,7.31,97.0,2392.0,56.4,95.0,6.41,96.0,0.9,1826.93139114817,471515.0,2.7
2741,Ukraine,2004,Developing,67.4,6.79,98.0,146.0,56.1,99.0,6.61,99.0,1.0,1366.01647647823,474516.0,2.7
2742,Ukraine,2003,Developing,67.6,5.92,77.0,411.0,55.7,99.0,6.93,97.0,0.9,1047.50279047739,4781295.0,2.8
2743,Ukraine,2002,Developing,67.6,4.89,48.0,7587.0,55.4,99.0,6.25,99.0,0.9,878.618748941345,48225.0,2.9
2744,Ukraine,2001,Developing,67.7,4.31,7.0,16970.0,55.1,99.0,5.66,99.0,0.8,780.321178870619,48683865.0,2.9
2745,Ukraine,2000,Developing,67.5,4.49,4.0,817.0,54.8,99.0,5.59,99.0,0.7,635.704418150527,49175848.0,3.0
2827,Uzbekistan,2014,Developing,69.2,0.01,99.0,8.0,43.9,99.0,5.84,99.0,0.1,2492.33664277468,37577.0,3.0
2830,Uzbekistan,2011,Developing,68.5,2.83,99.0,476.0,41.4,99.0,5.65,99.0,0.1,1926.29299673401,293394.0,3.0
2831,Uzbekistan,2010,Developing,68.3,2.73,99.0,117.0,4.7,99.0,5.34,99.0,0.2,1634.31209539718,285624.0,3.0
2833,Uzbekistan,2008,Developing,67.9,2.36,91.0,2.0,39.3,98.0,5.92,98.0,0.3,1082.28602501699,27328.0,3.1
2834,Uzbekistan,2007,Developing,67.8,2.15,99.0,863.0,38.7,98.0,5.81,96.0,0.3,830.407694204322,26868.0,3.1
2835,Uzbekistan,2006,Developing,67.6,1.96,98.0,823.0,38.1,94.0,5.49,96.0,0.4,654.283837283285,2648825.0,3.2
2836,Uzbekistan,2005,Developing,67.3,1.78,99.0,737.0,37.5,99.0,5.11,99.0,0.3,546.776850185552,26167.0,3.2
2837,Uzbekistan,2004,Developing,67.8,1.59,99.0,75.0,37.0,99.0,5.11,99.0,0.3,465.119886944025,2586435.0,3.2
2838,Uzbekistan,2003,Developing,67.2,1.54,99.0,85.0,36.4,99.0,5.17,98.0,0.3,396.377979026633,2556765.0,3.3
2839,Uzbekistan,2002,Developing,67.1,1.47,62.0,25.0,35.9,99.0,5.44,99.0,0.2,383.343067990742,2527185.0,3.3
2907,Zambia,2014,Developing,61.1,0.01,86.0,9.0,22.8,78.0,4.99,86.0,4.3,1762.42781692474,1562974.0,6.3
2908,Zambia,2013,Developing,63.0,2.41,79.0,35.0,22.3,74.0,4.99,79.0,4.8,1878.34681050661,1515321.0,6.4
2909,Zambia,2012,Developing,59.2,2.59,78.0,896.0,21.7,7.0,4.91,78.0,5.6,1763.06944249903,14699937.0,6.5
2910,Zambia,2011,Developing,58.2,2.57,81.0,13234.0,21.2,83.0,4.26,81.0,6.3,1672.90753526193,14264756.0,6.6
2911,Zambia,2010,Developing,58.0,2.47,83.0,15754.0,2.7,8.0,4.41,83.0,6.8,1489.45908689417,138533.0,6.7
2912,Zambia,2009,Developing,57.4,2.3,94.0,26.0,2.2,93.0,4.73,94.0,9.1,1159.9074988341,13456417.0,6.7
2913,Zambia,2008,Developing,55.7,2.12,87.0,140.0,19.7,9.0,4.87,87.0,11.9,1394.00049997193,1382517.0,6.8
2914,Zambia,2007,Developing,52.6,2.08,8.0,535.0,19.2,77.0,4.37,8.0,13.6,1124.29058597692,12725974.0,6.9
2915,Zambia,2006,Developing,58.0,2.25,81.0,459.0,18.8,83.0,6.11,81.0,15.9,1047.9188431217,12383446.0,7.0
2916,Zambia,2005,Developing,49.3,2.33,82.0,45.0,18.4,84.0,7.56,82.0,17.0,702.741118447779,1252156.0,7.1
2927,Zimbabwe,2010,Developing,52.4,5.21,9.0,9696.0,29.4,89.0,5.37,89.0,15.7,948.331481033457,1486317.0,7.1
2928,Zimbabwe,2009,Developing,50.0,4.64,73.0,853.0,29.0,69.0,6.26,73.0,18.1,771.599032295455,1381599.0,7.5
2930,Zimbabwe,2007,Developing,46.6,3.88,72.0,242.0,28.2,73.0,4.47,73.0,23.7,431.787258728843,1332999.0,8.2
2931,Zimbabwe,2006,Developing,45.4,4.57,68.0,212.0,27.9,71.0,5.12,7.0,26.8,447.854739946441,13124267.0,8.6
2932,Zimbabwe,2005,Developing,44.6,4.14,65.0,420.0,27.5,69.0,6.44,68.0,30.3,476.555402524382,129432.0,9.0
2933,Zimbabwe,2004,Developing,44.3,4.36,68.0,31.0,27.1,67.0,7.13,65.0,33.6,482.998451486038,12777511.0,9.4
2934,Zimbabwe,2003,Developing,44.5,4.06,7.0,998.0,26.7,7.0,6.52,68.0,36.7,478.007604434538,12633897.0,9.8
2935,Zimbabwe,2002,Developing,44.8,4.43,73.0,304.0,26.3,73.0,6.53,71.0,39.8,530.53044625893,125525.0,1.2
2936,Zimbabwe,2001,Developing,45.3,1.72,76.0,529.0,25.9,76.0,6.16,75.0,42.1,568.386290532649,12366165.0,1.6
2937,Zimbabwe,2000,Developing,46.0,1.68,79.0,1483.0,25.5,78.0,7.1,78.0,43.5,563.057504105969,12222251.0,11.0
